[Licensing::Module] Trying to connect to existing licensing client channel...
Built from '6000.2/staging' branch; Version is '6000.2.14f1 (589824c1fc31) revision 5806116'; Using compiler version '194234433'; Build Type 'Release'
OS: 'Windows 11  (10.0.26200) 64bit Professional' Language: 'en' Physical Memory: 32603 MB
[Licensing::IpcConnector] Successfully connected to: "LicenseClient-Eikq" at "2025-12-27T05:26:04.2112807Z"
BatchMode: 1, IsHumanControllingUs: 0, StartBugReporterOnCrash: 0, Is64bit: 1
Date: 2025-12-27T05:26:04Z

COMMAND LINE ARGUMENTS:
D:\Unity\6000.2.14f1\Editor\Unity.exe
-adb2
-batchMode
-noUpm
-name
AssetImportWorker2
-projectPath
D:/Unity/GAMEJAM/GamejamHamster
-logFile
Logs/AssetImportWorker2.log
-srvPort
38678
-job-worker-count
7
-background-job-worker-count
8
-gc-helper-count
1
-name
AssetImport
Successfully changed project path to: D:/Unity/GAMEJAM/GamejamHamster
D:/Unity/GAMEJAM/GamejamHamster
[UnityMemory] Configuration Parameters - Can be set up in boot.config
    "memorysetup-allocator-temp-initial-block-size-main=262144"
    "memorysetup-allocator-temp-initial-block-size-worker=262144"
    "memorysetup-bucket-allocator-granularity=16"
    "memorysetup-bucket-allocator-bucket-count=8"
    "memorysetup-bucket-allocator-block-size=33554432"
    "memorysetup-bucket-allocator-block-count=8"
    "memorysetup-main-allocator-block-size=16777216"
    "memorysetup-thread-allocator-block-size=16777216"
    "memorysetup-gfx-main-allocator-block-size=16777216"
    "memorysetup-gfx-thread-allocator-block-size=16777216"
    "memorysetup-cache-allocator-block-size=4194304"
    "memorysetup-typetree-allocator-block-size=2097152"
    "memorysetup-profiler-bucket-allocator-granularity=16"
    "memorysetup-profiler-bucket-allocator-bucket-count=8"
    "memorysetup-profiler-bucket-allocator-block-size=33554432"
    "memorysetup-profiler-bucket-allocator-block-count=8"
    "memorysetup-profiler-allocator-block-size=16777216"
    "memorysetup-profiler-editor-allocator-block-size=1048576"
    "memorysetup-temp-allocator-size-main=16777216"
    "memorysetup-job-temp-allocator-block-size=2097152"
    "memorysetup-job-temp-allocator-block-size-background=1048576"
    "memorysetup-job-temp-allocator-reduction-small-platforms=262144"
    "memorysetup-temp-allocator-size-background-worker=32768"
    "memorysetup-temp-allocator-size-job-worker=262144"
    "memorysetup-temp-allocator-size-preload-manager=33554432"
    "memorysetup-temp-allocator-size-nav-mesh-worker=65536"
    "memorysetup-temp-allocator-size-audio-worker=65536"
    "memorysetup-temp-allocator-size-cloud-worker=32768"
    "memorysetup-temp-allocator-size-gi-baking-worker=262144"
    "memorysetup-temp-allocator-size-gi-baking-worker=262144"
    "memorysetup-temp-allocator-size-gi-baking-worker=262144"
    "memorysetup-temp-allocator-size-gi-baking-worker=262144"
    "memorysetup-temp-allocator-size-gi-baking-worker=262144"
    "memorysetup-temp-allocator-size-gfx=262144"
Player connection [14784]  Target information:

Player connection [14784]  * "[IP] 192.168.1.40 [Port] 0 [Flags] 2 [Guid] 311798678 [EditorId] 311798678 [Version] 1048832 [Id] WindowsEditor(7,DESKTOP-0187ETV) [Debug] 1 [PackageName] WindowsEditor [ProjectName] Editor" 

Player connection [14784] Host joined multi-casting on [225.0.0.222:54997]...
Player connection [14784] Host joined alternative multi-casting on [225.0.0.222:34997]...
JobSystem: Creating JobQueue using job-worker-count value 7
Input System module state changed to: Initialized.
[Physics::Module] Initialized fallback backend.
[Physics::Module] Id: 0xdecafbad
Library Redirect Path: Library/
[Physics::Module] Selected backend.
[Physics::Module] Name: PhysX
[Physics::Module] Id: 0xf2b8ea05
[Physics::Module] SDK Version: 4.1.2
[Physics::Module] Integration Version: 1.0.0
[Physics::Module] Threading Mode: Multi-Threaded
Refreshing native plugins compatible for Editor in 1.78 ms, found 3 plugins.
Preloading 0 native plugins for Editor in 0.00 ms.
Initialize engine version: 6000.2.14f1 (589824c1fc31)
[Subsystems] Discovering subsystems at path D:/Unity/6000.2.14f1/Editor/Data/Resources/UnitySubsystems
[Subsystems] Discovering subsystems at path D:/Unity/GAMEJAM/GamejamHamster/Assets
GfxDevice: creating device client; kGfxThreadingModeNonThreaded
Direct3D:
    Version:  Direct3D 11.0 [level 11.1]
    Renderer: NVIDIA GeForce RTX 4060 (ID=0x2882)
    Vendor:   NVIDIA
    VRAM:     7957 MB
    Driver:   32.0.15.8157
Initialize mono
Mono path[0] = 'D:/Unity/6000.2.14f1/Editor/Data/Managed'
Mono path[1] = 'D:/Unity/6000.2.14f1/Editor/Data/MonoBleedingEdge/lib/mono/unityjit-win32'
Mono config path = 'D:/Unity/6000.2.14f1/Editor/Data/MonoBleedingEdge/etc'
Using monoOptions --debugger-agent=transport=dt_socket,embedding=1,server=y,suspend=n,address=127.0.0.1:56328
Begin MonoManager ReloadAssembly
Registering precompiled unity dll's ...
Register platform support module: D:/Unity/6000.2.14f1/Editor/Data/PlaybackEngines/WindowsStandaloneSupport/UnityEditor.WindowsStandalone.Extensions.dll
[Licensing::Module] Licensing is not yet initialized.
[Licensing::Client] Error: HandshakeResponse reported an error:
	ResponseCode: 505
	ResponseStatus: Unsupported protocol version '1.17.4'.
[Licensing::Module] Error: Failed to handshake to channel: "LicenseClient-Eikq"
[Licensing::IpcConnector] LicenseClient-Eikq channel disconnected successfully.
[Licensing::IpcConnector] Successfully connected to: "LicenseClient-Eikq-6000.2.14" at "2025-12-27T05:26:05.9725677Z"
[Licensing::Client] Handshaking with LicensingClient:
  Version:                 1.17.4+4293ba1
  Session Id:              02c12b86ef984513b4823f8cedff7f0d
  Correlation Id:          5b5320939a5e7b3fd2c9ae9b7f087ab7
  External correlation Id: 7562059601555944634
  Machine Id:              fh5a2y6YMjSxtTArnNGFxQU+NNs=
[Licensing::Module] Successfully connected to LicensingClient on channel: "LicenseClient-Eikq-6000.2.14" (connect: 0.00s, validation: 0.00s, handshake: 1.62s)
[Licensing::IpcConnector] Successfully connected to: "LicenseClient-Eikq-6000.2.14-notifications" at "2025-12-27T05:26:07.5893899Z"
[Licensing::Module] Licensing Background thread has ended after 3.38s
[Licensing::Module] Licensing is initialized (took 2.73s).
[Licensing::Client] Successfully resolved entitlement details
[Licensing::Module] License group:
  Id: 18966999929749-UnityPersXXXX
  Product: Unity Personal
  Type: Assigned
  Expiration: Unlimited
Register platform support module: D:/Unity/6000.2.14f1/Editor/Data/PlaybackEngines/MetroSupport/UnityEditor.UWP.Extensions.dll
Registered in 2.729576 seconds.
- Loaded All Assemblies, in  3.059 seconds
Native extension for UWP target not found
Native extension for WindowsStandalone target not found
Mono: successfully reloaded assembly
- Finished resetting the current domain, in  0.352 seconds
Domain Reload Profiling: 3410ms
	BeginReloadAssembly (119ms)
		ExecutionOrderSort (0ms)
		DisableScriptedObjects (0ms)
		BackupInstance (0ms)
		ReleaseScriptingObjects (0ms)
		CreateAndSetChildDomain (1ms)
	RebuildCommonClasses (34ms)
	RebuildNativeTypeToScriptingClass (10ms)
	initialDomainReloadingComplete (2763ms)
	LoadAllAssembliesAndSetupDomain (133ms)
		LoadAssemblies (118ms)
		RebuildTransferFunctionScriptingTraits (0ms)
		AnalyzeDomain (130ms)
			TypeCache.Refresh (128ms)
				TypeCache.ScanAssembly (118ms)
			BuildScriptInfoCaches (0ms)
			ResolveRequiredComponents (0ms)
	FinalizeReload (352ms)
		ReleaseScriptCaches (0ms)
		RebuildScriptCaches (0ms)
		SetupLoadedEditorAssemblies (310ms)
			LogAssemblyErrors (0ms)
			InitializePlatformSupportModulesInManaged (75ms)
			SetLoadedEditorAssemblies (4ms)
			BeforeProcessingInitializeOnLoad (62ms)
			ProcessInitializeOnLoadAttributes (114ms)
			ProcessInitializeOnLoadMethodAttributes (56ms)
			AfterProcessingInitializeOnLoad (0ms)
			EditorAssembliesLoaded (0ms)
		ExecutionOrderSort2 (0ms)
		AwakeInstancesAfterBackupRestoration (0ms)
========================================================================
Worker process is ready to serve import requests
Import Worker Mode flag is 0x00
Begin MonoManager ReloadAssembly
[Licensing::Client] Successfully resolved entitlement details
- Loaded All Assemblies, in  0.610 seconds
Refreshing native plugins compatible for Editor in 0.71 ms, found 3 plugins.
Native extension for UWP target not found
Native extension for WindowsStandalone target not found
Package Manager log level set to [2]
[Package Manager] Failed to launch server process. Reason: Unity was launched with the -noUpm command-line argument
[Package Manager] Unable to send message (not connected to server process).
[Package Manager] Cannot connect to Unity Package Manager local server
Mono: successfully reloaded assembly
- Finished resetting the current domain, in  0.734 seconds
Domain Reload Profiling: 1344ms
	BeginReloadAssembly (153ms)
		ExecutionOrderSort (0ms)
		DisableScriptedObjects (7ms)
		BackupInstance (0ms)
		ReleaseScriptingObjects (0ms)
		CreateAndSetChildDomain (24ms)
	RebuildCommonClasses (29ms)
	RebuildNativeTypeToScriptingClass (10ms)
	initialDomainReloadingComplete (28ms)
	LoadAllAssembliesAndSetupDomain (389ms)
		LoadAssemblies (268ms)
		RebuildTransferFunctionScriptingTraits (0ms)
		AnalyzeDomain (202ms)
			TypeCache.Refresh (152ms)
				TypeCache.ScanAssembly (141ms)
			BuildScriptInfoCaches (39ms)
			ResolveRequiredComponents (8ms)
	FinalizeReload (734ms)
		ReleaseScriptCaches (0ms)
		RebuildScriptCaches (0ms)
		SetupLoadedEditorAssemblies (560ms)
			LogAssemblyErrors (0ms)
			InitializePlatformSupportModulesInManaged (10ms)
			SetLoadedEditorAssemblies (5ms)
			BeforeProcessingInitializeOnLoad (96ms)
			ProcessInitializeOnLoadAttributes (407ms)
			ProcessInitializeOnLoadMethodAttributes (40ms)
			AfterProcessingInitializeOnLoad (1ms)
			EditorAssembliesLoaded (0ms)
		ExecutionOrderSort2 (0ms)
		AwakeInstancesAfterBackupRestoration (7ms)
Launched and connected shader compiler UnityShaderCompiler.exe after 0.02 seconds
Refreshing native plugins compatible for Editor in 0.63 ms, found 3 plugins.
Preloading 0 native plugins for Editor in 0.00 ms.
Unloading 13 Unused Serialized files (Serialized files now loaded: 0)
Unloading 6126 unused Assets / (4.3 MB). Loaded Objects now: 6839.
Memory consumption went from 137.8 MB to 133.5 MB.
Total: 6.818400 ms (FindLiveObjects: 0.459900 ms CreateObjectMapping: 0.425700 ms MarkObjects: 3.896900 ms  DeleteObjects: 2.034900 ms)

========================================================================
Received Prepare
Refreshing native plugins compatible for Editor in 0.80 ms, found 3 plugins.
Preloading 0 native plugins for Editor in 0.00 ms.
Unloading 13 Unused Serialized files (Serialized files now loaded: 0)
Unloading 6117 unused Assets / (3.9 MB). Loaded Objects now: 6840.
Memory consumption went from 135.9 MB to 132.0 MB.
Total: 9.583800 ms (FindLiveObjects: 0.528700 ms CreateObjectMapping: 0.554200 ms MarkObjects: 5.814000 ms  DeleteObjects: 2.685600 ms)

Prepare: number of updated asset objects reloaded= 0
========================================================================
Received Import Request.
  Time since last request: 4391.971608 seconds.
  path: Assets/Script/HorrorFPSController.cs
  artifactKey: Guid(364f7217c63d2b24d966e573194be9d8) Importer(2089858483,192608db42251d675da83286b1cce702)
Start importing Assets/Script/HorrorFPSController.cs using Guid(364f7217c63d2b24d966e573194be9d8) Importer(2089858483,192608db42251d675da83286b1cce702) (ScriptedImporter) -> (artifact id: 'b53275b6c23940d556b44c248b5244fc') in 0.2760903 seconds
Number of updated asset objects reloaded before import = 0Number of asset objects unloaded after import = 0

========================================================================
Received Prepare
Begin MonoManager ReloadAssembly
- Loaded All Assemblies, in  1.125 seconds
Refreshing native plugins compatible for Editor in 0.70 ms, found 3 plugins.
Native extension for UWP target not found
Native extension for WindowsStandalone target not found
[Package Manager] Failed to launch server process. Reason: Unity was launched with the -noUpm command-line argument
[Package Manager] Unable to send message (not connected to server process).
[Package Manager] Cannot connect to Unity Package Manager local server
Mono: successfully reloaded assembly
- Finished resetting the current domain, in  1.981 seconds
Domain Reload Profiling: 3112ms
	BeginReloadAssembly (347ms)
		ExecutionOrderSort (0ms)
		DisableScriptedObjects (8ms)
		BackupInstance (0ms)
		ReleaseScriptingObjects (0ms)
		CreateAndSetChildDomain (108ms)
	RebuildCommonClasses (66ms)
	RebuildNativeTypeToScriptingClass (18ms)
	initialDomainReloadingComplete (41ms)
	LoadAllAssembliesAndSetupDomain (657ms)
		LoadAssemblies (455ms)
		RebuildTransferFunctionScriptingTraits (0ms)
		AnalyzeDomain (366ms)
			TypeCache.Refresh (13ms)
				TypeCache.ScanAssembly (0ms)
			BuildScriptInfoCaches (333ms)
			ResolveRequiredComponents (15ms)
	FinalizeReload (1982ms)
		ReleaseScriptCaches (0ms)
		RebuildScriptCaches (0ms)
		SetupLoadedEditorAssemblies (1693ms)
			LogAssemblyErrors (0ms)
			InitializePlatformSupportModulesInManaged (18ms)
			SetLoadedEditorAssemblies (9ms)
			BeforeProcessingInitializeOnLoad (359ms)
			ProcessInitializeOnLoadAttributes (1228ms)
			ProcessInitializeOnLoadMethodAttributes (73ms)
			AfterProcessingInitializeOnLoad (3ms)
			EditorAssembliesLoaded (1ms)
		ExecutionOrderSort2 (0ms)
		AwakeInstancesAfterBackupRestoration (35ms)
Refreshing native plugins compatible for Editor in 6.30 ms, found 3 plugins.
Preloading 0 native plugins for Editor in 0.00 ms.
Unloading 13 Unused Serialized files (Serialized files now loaded: 0)
Unloading 6123 unused Assets / (3.6 MB). Loaded Objects now: 6858.
Memory consumption went from 142.6 MB to 139.1 MB.
Total: 18.211700 ms (FindLiveObjects: 1.061400 ms CreateObjectMapping: 2.482100 ms MarkObjects: 9.896600 ms  DeleteObjects: 4.770200 ms)

Prepare: number of updated asset objects reloaded= 0
========================================================================
Received Import Request.
  Time since last request: 8.448404 seconds.
  path: Assets/Script/HorrorFPSController.cs
  artifactKey: Guid(364f7217c63d2b24d966e573194be9d8) Importer(815301076,1909f56bfc062723c751e8b465ee728b)
Start importing Assets/Script/HorrorFPSController.cs using Guid(364f7217c63d2b24d966e573194be9d8) Importer(815301076,1909f56bfc062723c751e8b465ee728b) (PreviewImporter) -> (artifact id: '00000000000000000000000000000000') in 0.0137218 seconds
Import Error Code:(4)
Message: Build asset version error: assets/script/horrorfpscontroller.cs in SourceAssetDB has modification time of '2025-12-27T05:26:17.246864Z' while content on disk has modification time of '2025-12-27T05:26:23.1382288Z'
  ERROR: Build asset version error: assets/script/horrorfpscontroller.cs in SourceAssetDB has modification time of '2025-12-27T05:26:17.246864Z' while content on disk has modification time of '2025-12-27T05:26:23.1382288Z'
Number of updated asset objects reloaded before import = 0Number of asset objects unloaded after import = 0

========================================================================
Received Import Request.
  Time since last request: 0.000024 seconds.
  path: Assets/Script/HorrorFPSController.cs
  artifactKey: Guid(364f7217c63d2b24d966e573194be9d8) Importer(815301076,1909f56bfc062723c751e8b465ee728b)
Start importing Assets/Script/HorrorFPSController.cs using Guid(364f7217c63d2b24d966e573194be9d8) Importer(815301076,1909f56bfc062723c751e8b465ee728b) (PreviewImporter) -> (artifact id: '00000000000000000000000000000000') in 0.0005799 seconds
Import Error Code:(4)
Message: Build asset version error: assets/script/horrorfpscontroller.cs in SourceAssetDB has modification time of '2025-12-27T05:26:17.246864Z' while content on disk has modification time of '2025-12-27T05:26:23.1382288Z'
  ERROR: Build asset version error: assets/script/horrorfpscontroller.cs in SourceAssetDB has modification time of '2025-12-27T05:26:17.246864Z' while content on disk has modification time of '2025-12-27T05:26:23.1382288Z'
Number of updated asset objects reloaded before import = 0Number of asset objects unloaded after import = 0

========================================================================
Received Import Request.
  Time since last request: 0.000017 seconds.
  path: Assets/Script/HorrorFPSController.cs
  artifactKey: Guid(364f7217c63d2b24d966e573194be9d8) Importer(815301076,1909f56bfc062723c751e8b465ee728b)
Start importing Assets/Script/HorrorFPSController.cs using Guid(364f7217c63d2b24d966e573194be9d8) Importer(815301076,1909f56bfc062723c751e8b465ee728b) (PreviewImporter) -> (artifact id: '00000000000000000000000000000000') in 0.0005109 seconds
Import Error Code:(4)
Message: Build asset version error: assets/script/horrorfpscontroller.cs in SourceAssetDB has modification time of '2025-12-27T05:26:17.246864Z' while content on disk has modification time of '2025-12-27T05:26:23.1382288Z'
  ERROR: Build asset version error: assets/script/horrorfpscontroller.cs in SourceAssetDB has modification time of '2025-12-27T05:26:17.246864Z' while content on disk has modification time of '2025-12-27T05:26:23.1382288Z'
Number of updated asset objects reloaded before import = 0Number of asset objects unloaded after import = 0

========================================================================
Received Import Request.
  Time since last request: 0.000015 seconds.
  path: Assets/Script/HorrorFPSController.cs
  artifactKey: Guid(364f7217c63d2b24d966e573194be9d8) Importer(815301076,1909f56bfc062723c751e8b465ee728b)
Start importing Assets/Script/HorrorFPSController.cs using Guid(364f7217c63d2b24d966e573194be9d8) Importer(815301076,1909f56bfc062723c751e8b465ee728b) (PreviewImporter) -> (artifact id: '00000000000000000000000000000000') in 0.0005235 seconds
Import Error Code:(4)
Message: Build asset version error: assets/script/horrorfpscontroller.cs in SourceAssetDB has modification time of '2025-12-27T05:26:17.246864Z' while content on disk has modification time of '2025-12-27T05:26:23.1382288Z'
  ERROR: Build asset version error: assets/script/horrorfpscontroller.cs in SourceAssetDB has modification time of '2025-12-27T05:26:17.246864Z' while content on disk has modification time of '2025-12-27T05:26:23.1382288Z'
Number of updated asset objects reloaded before import = 0Number of asset objects unloaded after import = 0

========================================================================
Received Import Request.
  Time since last request: 0.000023 seconds.
  path: Assets/Script/HorrorFPSController.cs
  artifactKey: Guid(364f7217c63d2b24d966e573194be9d8) Importer(815301076,1909f56bfc062723c751e8b465ee728b)
Start importing Assets/Script/HorrorFPSController.cs using Guid(364f7217c63d2b24d966e573194be9d8) Importer(815301076,1909f56bfc062723c751e8b465ee728b) (PreviewImporter) -> (artifact id: '00000000000000000000000000000000') in 0.0005858 seconds
Import Error Code:(4)
Message: Build asset version error: assets/script/horrorfpscontroller.cs in SourceAssetDB has modification time of '2025-12-27T05:26:17.246864Z' while content on disk has modification time of '2025-12-27T05:26:23.1382288Z'
  ERROR: Build asset version error: assets/script/horrorfpscontroller.cs in SourceAssetDB has modification time of '2025-12-27T05:26:17.246864Z' while content on disk has modification time of '2025-12-27T05:26:23.1382288Z'
Number of updated asset objects reloaded before import = 0Number of asset objects unloaded after import = 0

========================================================================
Received Import Request.
  Time since last request: 0.000019 seconds.
  path: Assets/Script/HorrorFPSController.cs
  artifactKey: Guid(364f7217c63d2b24d966e573194be9d8) Importer(815301076,1909f56bfc062723c751e8b465ee728b)
Start importing Assets/Script/HorrorFPSController.cs using Guid(364f7217c63d2b24d966e573194be9d8) Importer(815301076,1909f56bfc062723c751e8b465ee728b) (PreviewImporter) -> (artifact id: '00000000000000000000000000000000') in 0.000635 seconds
Import Error Code:(4)
Message: Build asset version error: assets/script/horrorfpscontroller.cs in SourceAssetDB has modification time of '2025-12-27T05:26:17.246864Z' while content on disk has modification time of '2025-12-27T05:26:23.1382288Z'
  ERROR: Build asset version error: assets/script/horrorfpscontroller.cs in SourceAssetDB has modification time of '2025-12-27T05:26:17.246864Z' while content on disk has modification time of '2025-12-27T05:26:23.1382288Z'
Number of updated asset objects reloaded before import = 0Number of asset objects unloaded after import = 0

========================================================================
Received Import Request.
  Time since last request: 0.000024 seconds.
  path: Assets/Script/HorrorFPSController.cs
  artifactKey: Guid(364f7217c63d2b24d966e573194be9d8) Importer(815301076,1909f56bfc062723c751e8b465ee728b)
Start importing Assets/Script/HorrorFPSController.cs using Guid(364f7217c63d2b24d966e573194be9d8) Importer(815301076,1909f56bfc062723c751e8b465ee728b) (PreviewImporter) -> (artifact id: '00000000000000000000000000000000') in 0.0006064 seconds
Import Error Code:(4)
Message: Build asset version error: assets/script/horrorfpscontroller.cs in SourceAssetDB has modification time of '2025-12-27T05:26:17.246864Z' while content on disk has modification time of '2025-12-27T05:26:23.1382288Z'
  ERROR: Build asset version error: assets/script/horrorfpscontroller.cs in SourceAssetDB has modification time of '2025-12-27T05:26:17.246864Z' while content on disk has modification time of '2025-12-27T05:26:23.1382288Z'
Number of updated asset objects reloaded before import = 0Number of asset objects unloaded after import = 0

========================================================================
Received Import Request.
  Time since last request: 0.000020 seconds.
  path: Assets/Script/HorrorFPSController.cs
  artifactKey: Guid(364f7217c63d2b24d966e573194be9d8) Importer(815301076,1909f56bfc062723c751e8b465ee728b)
Start importing Assets/Script/HorrorFPSController.cs using Guid(364f7217c63d2b24d966e573194be9d8) Importer(815301076,1909f56bfc062723c751e8b465ee728b) (PreviewImporter) -> (artifact id: '00000000000000000000000000000000') in 0.0005508 seconds
Import Error Code:(4)
Message: Build asset version error: assets/script/horrorfpscontroller.cs in SourceAssetDB has modification time of '2025-12-27T05:26:17.246864Z' while content on disk has modification time of '2025-12-27T05:26:23.1382288Z'
  ERROR: Build asset version error: assets/script/horrorfpscontroller.cs in SourceAssetDB has modification time of '2025-12-27T05:26:17.246864Z' while content on disk has modification time of '2025-12-27T05:26:23.1382288Z'
Number of updated asset objects reloaded before import = 0Number of asset objects unloaded after import = 0

========================================================================
Received Import Request.
  Time since last request: 0.000023 seconds.
  path: Assets/Script/HorrorFPSController.cs
  artifactKey: Guid(364f7217c63d2b24d966e573194be9d8) Importer(815301076,1909f56bfc062723c751e8b465ee728b)
Start importing Assets/Script/HorrorFPSController.cs using Guid(364f7217c63d2b24d966e573194be9d8) Importer(815301076,1909f56bfc062723c751e8b465ee728b) (PreviewImporter) -> (artifact id: '00000000000000000000000000000000') in 0.0018072 seconds
Import Error Code:(4)
Message: Build asset version error: assets/script/horrorfpscontroller.cs in SourceAssetDB has modification time of '2025-12-27T05:26:17.246864Z' while content on disk has modification time of '2025-12-27T05:26:23.1382288Z'
  ERROR: Build asset version error: assets/script/horrorfpscontroller.cs in SourceAssetDB has modification time of '2025-12-27T05:26:17.246864Z' while content on disk has modification time of '2025-12-27T05:26:23.1382288Z'
Number of updated asset objects reloaded before import = 0Number of asset objects unloaded after import = 0

========================================================================
Received Import Request.
  Time since last request: 0.000034 seconds.
  path: Assets/Script/HorrorFPSController.cs
  artifactKey: Guid(364f7217c63d2b24d966e573194be9d8) Importer(815301076,1909f56bfc062723c751e8b465ee728b)
Start importing Assets/Script/HorrorFPSController.cs using Guid(364f7217c63d2b24d966e573194be9d8) Importer(815301076,1909f56bfc062723c751e8b465ee728b) (PreviewImporter) -> (artifact id: '5bb25257504c8b4b4ba3e6f8334fffa0') in 0.0005476 seconds
Number of updated asset objects reloaded before import = 0Number of asset objects unloaded after import = 0

========================================================================
Received Prepare
Begin MonoManager ReloadAssembly
- Loaded All Assemblies, in  0.727 seconds
Refreshing native plugins compatible for Editor in 0.86 ms, found 3 plugins.
Native extension for UWP target not found
Native extension for WindowsStandalone target not found
[Package Manager] Failed to launch server process. Reason: Unity was launched with the -noUpm command-line argument
[Package Manager] Unable to send message (not connected to server process).
[Package Manager] Cannot connect to Unity Package Manager local server
Mono: successfully reloaded assembly
- Finished resetting the current domain, in  0.808 seconds
Domain Reload Profiling: 1539ms
	BeginReloadAssembly (239ms)
		ExecutionOrderSort (0ms)
		DisableScriptedObjects (5ms)
		BackupInstance (0ms)
		ReleaseScriptingObjects (0ms)
		CreateAndSetChildDomain (68ms)
	RebuildCommonClasses (38ms)
	RebuildNativeTypeToScriptingClass (11ms)
	initialDomainReloadingComplete (27ms)
	LoadAllAssembliesAndSetupDomain (415ms)
		LoadAssemblies (339ms)
		RebuildTransferFunctionScriptingTraits (0ms)
		AnalyzeDomain (186ms)
			TypeCache.Refresh (11ms)
				TypeCache.ScanAssembly (0ms)
			BuildScriptInfoCaches (159ms)
			ResolveRequiredComponents (11ms)
	FinalizeReload (808ms)
		ReleaseScriptCaches (0ms)
		RebuildScriptCaches (0ms)
		SetupLoadedEditorAssemblies (653ms)
			LogAssemblyErrors (0ms)
			InitializePlatformSupportModulesInManaged (11ms)
			SetLoadedEditorAssemblies (6ms)
			BeforeProcessingInitializeOnLoad (137ms)
			ProcessInitializeOnLoadAttributes (442ms)
			ProcessInitializeOnLoadMethodAttributes (54ms)
			AfterProcessingInitializeOnLoad (2ms)
			EditorAssembliesLoaded (0ms)
		ExecutionOrderSort2 (0ms)
		AwakeInstancesAfterBackupRestoration (15ms)
Refreshing native plugins compatible for Editor in 0.71 ms, found 3 plugins.
Preloading 0 native plugins for Editor in 0.00 ms.
Unloading 13 Unused Serialized files (Serialized files now loaded: 0)
Unloading 6123 unused Assets / (3.9 MB). Loaded Objects now: 6861.
Memory consumption went from 142.5 MB to 138.5 MB.
Total: 7.655200 ms (FindLiveObjects: 0.542700 ms CreateObjectMapping: 0.504400 ms MarkObjects: 4.837200 ms  DeleteObjects: 1.769500 ms)

Prepare: number of updated asset objects reloaded= 0
========================================================================
Received Import Request.
  Time since last request: 6.395868 seconds.
  path: Assets/Script/HorrorFPSController.cs
  artifactKey: Guid(364f7217c63d2b24d966e573194be9d8) Importer(2089858483,192608db42251d675da83286b1cce702)
Start importing Assets/Script/HorrorFPSController.cs using Guid(364f7217c63d2b24d966e573194be9d8) Importer(2089858483,192608db42251d675da83286b1cce702) (ScriptedImporter) -> (artifact id: '901420354be50a833de7701c5dceff2e') in 0.178938 seconds
Number of updated asset objects reloaded before import = 0Number of asset objects unloaded after import = 0

========================================================================
Received Prepare
Refreshing native plugins compatible for Editor in 1.10 ms, found 3 plugins.
Preloading 0 native plugins for Editor in 0.00 ms.
Unloading 13 Unused Serialized files (Serialized files now loaded: 0)
Unloading 6118 unused Assets / (4.8 MB). Loaded Objects now: 6862.
Memory consumption went from 142.7 MB to 137.9 MB.
Total: 12.154000 ms (FindLiveObjects: 1.131400 ms CreateObjectMapping: 0.815700 ms MarkObjects: 6.830500 ms  DeleteObjects: 3.374900 ms)

Prepare: number of updated asset objects reloaded= 0
========================================================================
Received Import Request.
  Time since last request: 1.341536 seconds.
  path: Assets/Script/GameManager.cs
  artifactKey: Guid(a4a3d2672be09184f87ddd8d5a369e1f) Importer(2089858483,192608db42251d675da83286b1cce702)
Start importing Assets/Script/GameManager.cs using Guid(a4a3d2672be09184f87ddd8d5a369e1f) Importer(2089858483,192608db42251d675da83286b1cce702) (ScriptedImporter) -> (artifact id: '28bba6146b57444da060e54dc9e8ad71') in 0.0162606 seconds
Number of updated asset objects reloaded before import = 0Number of asset objects unloaded after import = 0

========================================================================
Received Prepare
Begin MonoManager ReloadAssembly
- Loaded All Assemblies, in  0.783 seconds
Refreshing native plugins compatible for Editor in 0.94 ms, found 3 plugins.
Native extension for UWP target not found
Native extension for WindowsStandalone target not found
[Package Manager] Failed to launch server process. Reason: Unity was launched with the -noUpm command-line argument
[Package Manager] Unable to send message (not connected to server process).
[Package Manager] Cannot connect to Unity Package Manager local server
Mono: successfully reloaded assembly
- Finished resetting the current domain, in  0.962 seconds
Domain Reload Profiling: 1748ms
	BeginReloadAssembly (235ms)
		ExecutionOrderSort (0ms)
		DisableScriptedObjects (7ms)
		BackupInstance (0ms)
		ReleaseScriptingObjects (0ms)
		CreateAndSetChildDomain (74ms)
	RebuildCommonClasses (51ms)
	RebuildNativeTypeToScriptingClass (15ms)
	initialDomainReloadingComplete (25ms)
	LoadAllAssembliesAndSetupDomain (460ms)
		LoadAssemblies (357ms)
		RebuildTransferFunctionScriptingTraits (0ms)
		AnalyzeDomain (204ms)
			TypeCache.Refresh (9ms)
				TypeCache.ScanAssembly (0ms)
			BuildScriptInfoCaches (178ms)
			ResolveRequiredComponents (13ms)
	FinalizeReload (962ms)
		ReleaseScriptCaches (0ms)
		RebuildScriptCaches (0ms)
		SetupLoadedEditorAssemblies (770ms)
			LogAssemblyErrors (0ms)
			InitializePlatformSupportModulesInManaged (16ms)
			SetLoadedEditorAssemblies (8ms)
			BeforeProcessingInitializeOnLoad (168ms)
			ProcessInitializeOnLoadAttributes (525ms)
			ProcessInitializeOnLoadMethodAttributes (51ms)
			AfterProcessingInitializeOnLoad (2ms)
			EditorAssembliesLoaded (0ms)
		ExecutionOrderSort2 (0ms)
		AwakeInstancesAfterBackupRestoration (18ms)
Refreshing native plugins compatible for Editor in 0.69 ms, found 3 plugins.
Preloading 0 native plugins for Editor in 0.00 ms.
Unloading 13 Unused Serialized files (Serialized files now loaded: 0)
Unloading 6124 unused Assets / (3.9 MB). Loaded Objects now: 6865.
Memory consumption went from 142.5 MB to 138.6 MB.
Total: 6.772300 ms (FindLiveObjects: 0.468200 ms CreateObjectMapping: 0.426300 ms MarkObjects: 4.030200 ms  DeleteObjects: 1.846500 ms)

Prepare: number of updated asset objects reloaded= 0
========================================================================
Received Import Request.
  Time since last request: 6.890262 seconds.
  path: Assets/Script/GameManager.cs
  artifactKey: Guid(a4a3d2672be09184f87ddd8d5a369e1f) Importer(815301076,1909f56bfc062723c751e8b465ee728b)
Start importing Assets/Script/GameManager.cs using Guid(a4a3d2672be09184f87ddd8d5a369e1f) Importer(815301076,1909f56bfc062723c751e8b465ee728b) (PreviewImporter) -> (artifact id: '00000000000000000000000000000000') in 0.0040875 seconds
Import Error Code:(4)
Message: Build asset version error: assets/script/gamemanager.cs in SourceAssetDB has modification time of '2025-12-27T05:26:34.6231953Z' while content on disk has modification time of '2025-12-27T05:26:38.7137167Z'
  ERROR: Build asset version error: assets/script/gamemanager.cs in SourceAssetDB has modification time of '2025-12-27T05:26:34.6231953Z' while content on disk has modification time of '2025-12-27T05:26:38.7137167Z'
Number of updated asset objects reloaded before import = 0Number of asset objects unloaded after import = 0

========================================================================
Received Import Request.
  Time since last request: 0.000013 seconds.
  path: Assets/Script/GameManager.cs
  artifactKey: Guid(a4a3d2672be09184f87ddd8d5a369e1f) Importer(815301076,1909f56bfc062723c751e8b465ee728b)
Start importing Assets/Script/GameManager.cs using Guid(a4a3d2672be09184f87ddd8d5a369e1f) Importer(815301076,1909f56bfc062723c751e8b465ee728b) (PreviewImporter) -> (artifact id: '00000000000000000000000000000000') in 0.0003924 seconds
Import Error Code:(4)
Message: Build asset version error: assets/script/gamemanager.cs in SourceAssetDB has modification time of '2025-12-27T05:26:34.6231953Z' while content on disk has modification time of '2025-12-27T05:26:38.7137167Z'
  ERROR: Build asset version error: assets/script/gamemanager.cs in SourceAssetDB has modification time of '2025-12-27T05:26:34.6231953Z' while content on disk has modification time of '2025-12-27T05:26:38.7137167Z'
Number of updated asset objects reloaded before import = 0Number of asset objects unloaded after import = 0

========================================================================
Received Import Request.
  Time since last request: 0.000013 seconds.
  path: Assets/Script/GameManager.cs
  artifactKey: Guid(a4a3d2672be09184f87ddd8d5a369e1f) Importer(815301076,1909f56bfc062723c751e8b465ee728b)
Start importing Assets/Script/GameManager.cs using Guid(a4a3d2672be09184f87ddd8d5a369e1f) Importer(815301076,1909f56bfc062723c751e8b465ee728b) (PreviewImporter) -> (artifact id: '00000000000000000000000000000000') in 0.000566 seconds
Import Error Code:(4)
Message: Build asset version error: assets/script/gamemanager.cs in SourceAssetDB has modification time of '2025-12-27T05:26:34.6231953Z' while content on disk has modification time of '2025-12-27T05:26:38.7137167Z'
  ERROR: Build asset version error: assets/script/gamemanager.cs in SourceAssetDB has modification time of '2025-12-27T05:26:34.6231953Z' while content on disk has modification time of '2025-12-27T05:26:38.7137167Z'
Number of updated asset objects reloaded before import = 0Number of asset objects unloaded after import = 0

========================================================================
Received Import Request.
  Time since last request: 0.000014 seconds.
  path: Assets/Script/GameManager.cs
  artifactKey: Guid(a4a3d2672be09184f87ddd8d5a369e1f) Importer(815301076,1909f56bfc062723c751e8b465ee728b)
Start importing Assets/Script/GameManager.cs using Guid(a4a3d2672be09184f87ddd8d5a369e1f) Importer(815301076,1909f56bfc062723c751e8b465ee728b) (PreviewImporter) -> (artifact id: '00000000000000000000000000000000') in 0.0004755 seconds
Import Error Code:(4)
Message: Build asset version error: assets/script/gamemanager.cs in SourceAssetDB has modification time of '2025-12-27T05:26:34.6231953Z' while content on disk has modification time of '2025-12-27T05:26:38.7137167Z'
  ERROR: Build asset version error: assets/script/gamemanager.cs in SourceAssetDB has modification time of '2025-12-27T05:26:34.6231953Z' while content on disk has modification time of '2025-12-27T05:26:38.7137167Z'
Number of updated asset objects reloaded before import = 0Number of asset objects unloaded after import = 0

========================================================================
Received Import Request.
  Time since last request: 0.000012 seconds.
  path: Assets/Script/GameManager.cs
  artifactKey: Guid(a4a3d2672be09184f87ddd8d5a369e1f) Importer(815301076,1909f56bfc062723c751e8b465ee728b)
Start importing Assets/Script/GameManager.cs using Guid(a4a3d2672be09184f87ddd8d5a369e1f) Importer(815301076,1909f56bfc062723c751e8b465ee728b) (PreviewImporter) -> (artifact id: '00000000000000000000000000000000') in 0.0004063 seconds
Import Error Code:(4)
Message: Build asset version error: assets/script/gamemanager.cs in SourceAssetDB has modification time of '2025-12-27T05:26:34.6231953Z' while content on disk has modification time of '2025-12-27T05:26:38.7137167Z'
  ERROR: Build asset version error: assets/script/gamemanager.cs in SourceAssetDB has modification time of '2025-12-27T05:26:34.6231953Z' while content on disk has modification time of '2025-12-27T05:26:38.7137167Z'
Number of updated asset objects reloaded before import = 0Number of asset objects unloaded after import = 0

========================================================================
Received Import Request.
  Time since last request: 0.000015 seconds.
  path: Assets/Script/GameManager.cs
  artifactKey: Guid(a4a3d2672be09184f87ddd8d5a369e1f) Importer(815301076,1909f56bfc062723c751e8b465ee728b)
Start importing Assets/Script/GameManager.cs using Guid(a4a3d2672be09184f87ddd8d5a369e1f) Importer(815301076,1909f56bfc062723c751e8b465ee728b) (PreviewImporter) -> (artifact id: '00000000000000000000000000000000') in 0.0005004 seconds
Import Error Code:(4)
Message: Build asset version error: assets/script/gamemanager.cs in SourceAssetDB has modification time of '2025-12-27T05:26:34.6231953Z' while content on disk has modification time of '2025-12-27T05:26:38.7137167Z'
  ERROR: Build asset version error: assets/script/gamemanager.cs in SourceAssetDB has modification time of '2025-12-27T05:26:34.6231953Z' while content on disk has modification time of '2025-12-27T05:26:38.7137167Z'
Number of updated asset objects reloaded before import = 0Number of asset objects unloaded after import = 0

========================================================================
Received Import Request.
  Time since last request: 0.000012 seconds.
  path: Assets/Script/GameManager.cs
  artifactKey: Guid(a4a3d2672be09184f87ddd8d5a369e1f) Importer(815301076,1909f56bfc062723c751e8b465ee728b)
Start importing Assets/Script/GameManager.cs using Guid(a4a3d2672be09184f87ddd8d5a369e1f) Importer(815301076,1909f56bfc062723c751e8b465ee728b) (PreviewImporter) -> (artifact id: '00000000000000000000000000000000') in 0.0004409 seconds
Import Error Code:(4)
Message: Build asset version error: assets/script/gamemanager.cs in SourceAssetDB has modification time of '2025-12-27T05:26:34.6231953Z' while content on disk has modification time of '2025-12-27T05:26:38.7137167Z'
  ERROR: Build asset version error: assets/script/gamemanager.cs in SourceAssetDB has modification time of '2025-12-27T05:26:34.6231953Z' while content on disk has modification time of '2025-12-27T05:26:38.7137167Z'
Number of updated asset objects reloaded before import = 0Number of asset objects unloaded after import = 0

========================================================================
Received Import Request.
  Time since last request: 0.000013 seconds.
  path: Assets/Script/GameManager.cs
  artifactKey: Guid(a4a3d2672be09184f87ddd8d5a369e1f) Importer(815301076,1909f56bfc062723c751e8b465ee728b)
Start importing Assets/Script/GameManager.cs using Guid(a4a3d2672be09184f87ddd8d5a369e1f) Importer(815301076,1909f56bfc062723c751e8b465ee728b) (PreviewImporter) -> (artifact id: '00000000000000000000000000000000') in 0.000427 seconds
Import Error Code:(4)
Message: Build asset version error: assets/script/gamemanager.cs in SourceAssetDB has modification time of '2025-12-27T05:26:34.6231953Z' while content on disk has modification time of '2025-12-27T05:26:38.7137167Z'
  ERROR: Build asset version error: assets/script/gamemanager.cs in SourceAssetDB has modification time of '2025-12-27T05:26:34.6231953Z' while content on disk has modification time of '2025-12-27T05:26:38.7137167Z'
Number of updated asset objects reloaded before import = 0Number of asset objects unloaded after import = 0

========================================================================
Received Import Request.
  Time since last request: 0.000026 seconds.
  path: Assets/Script/GameManager.cs
  artifactKey: Guid(a4a3d2672be09184f87ddd8d5a369e1f) Importer(815301076,1909f56bfc062723c751e8b465ee728b)
Start importing Assets/Script/GameManager.cs using Guid(a4a3d2672be09184f87ddd8d5a369e1f) Importer(815301076,1909f56bfc062723c751e8b465ee728b) (PreviewImporter) -> (artifact id: '00000000000000000000000000000000') in 0.0003791 seconds
Import Error Code:(4)
Message: Build asset version error: assets/script/gamemanager.cs in SourceAssetDB has modification time of '2025-12-27T05:26:34.6231953Z' while content on disk has modification time of '2025-12-27T05:26:38.7137167Z'
  ERROR: Build asset version error: assets/script/gamemanager.cs in SourceAssetDB has modification time of '2025-12-27T05:26:34.6231953Z' while content on disk has modification time of '2025-12-27T05:26:38.7137167Z'
Number of updated asset objects reloaded before import = 0Number of asset objects unloaded after import = 0

========================================================================
Received Import Request.
  Time since last request: 0.000012 seconds.
  path: Assets/Script/GameManager.cs
  artifactKey: Guid(a4a3d2672be09184f87ddd8d5a369e1f) Importer(815301076,1909f56bfc062723c751e8b465ee728b)
Start importing Assets/Script/GameManager.cs using Guid(a4a3d2672be09184f87ddd8d5a369e1f) Importer(815301076,1909f56bfc062723c751e8b465ee728b) (PreviewImporter) -> (artifact id: '00000000000000000000000000000000') in 0.0004444 seconds
Import Error Code:(4)
Message: Build asset version error: assets/script/gamemanager.cs in SourceAssetDB has modification time of '2025-12-27T05:26:34.6231953Z' while content on disk has modification time of '2025-12-27T05:26:38.7137167Z'
  ERROR: Build asset version error: assets/script/gamemanager.cs in SourceAssetDB has modification time of '2025-12-27T05:26:34.6231953Z' while content on disk has modification time of '2025-12-27T05:26:38.7137167Z'
Number of updated asset objects reloaded before import = 0Number of asset objects unloaded after import = 0

========================================================================
Received Import Request.
  Time since last request: 0.000012 seconds.
  path: Assets/Script/GameManager.cs
  artifactKey: Guid(a4a3d2672be09184f87ddd8d5a369e1f) Importer(815301076,1909f56bfc062723c751e8b465ee728b)
Start importing Assets/Script/GameManager.cs using Guid(a4a3d2672be09184f87ddd8d5a369e1f) Importer(815301076,1909f56bfc062723c751e8b465ee728b) (PreviewImporter) -> (artifact id: '00000000000000000000000000000000') in 0.0004009 seconds
Import Error Code:(4)
Message: Build asset version error: assets/script/gamemanager.cs in SourceAssetDB has modification time of '2025-12-27T05:26:34.6231953Z' while content on disk has modification time of '2025-12-27T05:26:38.7137167Z'
  ERROR: Build asset version error: assets/script/gamemanager.cs in SourceAssetDB has modification time of '2025-12-27T05:26:34.6231953Z' while content on disk has modification time of '2025-12-27T05:26:38.7137167Z'
Number of updated asset objects reloaded before import = 0Number of asset objects unloaded after import = 0

========================================================================
Received Import Request.
  Time since last request: 0.000013 seconds.
  path: Assets/Script/GameManager.cs
  artifactKey: Guid(a4a3d2672be09184f87ddd8d5a369e1f) Importer(815301076,1909f56bfc062723c751e8b465ee728b)
Start importing Assets/Script/GameManager.cs using Guid(a4a3d2672be09184f87ddd8d5a369e1f) Importer(815301076,1909f56bfc062723c751e8b465ee728b) (PreviewImporter) -> (artifact id: '00000000000000000000000000000000') in 0.000429 seconds
Import Error Code:(4)
Message: Build asset version error: assets/script/gamemanager.cs in SourceAssetDB has modification time of '2025-12-27T05:26:34.6231953Z' while content on disk has modification time of '2025-12-27T05:26:38.7137167Z'
  ERROR: Build asset version error: assets/script/gamemanager.cs in SourceAssetDB has modification time of '2025-12-27T05:26:34.6231953Z' while content on disk has modification time of '2025-12-27T05:26:38.7137167Z'
Number of updated asset objects reloaded before import = 0Number of asset objects unloaded after import = 0

========================================================================
Received Import Request.
  Time since last request: 0.000020 seconds.
  path: Assets/Script/GameManager.cs
  artifactKey: Guid(a4a3d2672be09184f87ddd8d5a369e1f) Importer(815301076,1909f56bfc062723c751e8b465ee728b)
Start importing Assets/Script/GameManager.cs using Guid(a4a3d2672be09184f87ddd8d5a369e1f) Importer(815301076,1909f56bfc062723c751e8b465ee728b) (PreviewImporter) -> (artifact id: '00000000000000000000000000000000') in 0.0004028 seconds
Import Error Code:(4)
Message: Build asset version error: assets/script/gamemanager.cs in SourceAssetDB has modification time of '2025-12-27T05:26:34.6231953Z' while content on disk has modification time of '2025-12-27T05:26:38.7137167Z'
  ERROR: Build asset version error: assets/script/gamemanager.cs in SourceAssetDB has modification time of '2025-12-27T05:26:34.6231953Z' while content on disk has modification time of '2025-12-27T05:26:38.7137167Z'
Number of updated asset objects reloaded before import = 0Number of asset objects unloaded after import = 0

========================================================================
Received Import Request.
  Time since last request: 0.000012 seconds.
  path: Assets/Script/GameManager.cs
  artifactKey: Guid(a4a3d2672be09184f87ddd8d5a369e1f) Importer(815301076,1909f56bfc062723c751e8b465ee728b)
Start importing Assets/Script/GameManager.cs using Guid(a4a3d2672be09184f87ddd8d5a369e1f) Importer(815301076,1909f56bfc062723c751e8b465ee728b) (PreviewImporter) -> (artifact id: '00000000000000000000000000000000') in 0.000444 seconds
Import Error Code:(4)
Message: Build asset version error: assets/script/gamemanager.cs in SourceAssetDB has modification time of '2025-12-27T05:26:34.6231953Z' while content on disk has modification time of '2025-12-27T05:26:38.7137167Z'
  ERROR: Build asset version error: assets/script/gamemanager.cs in SourceAssetDB has modification time of '2025-12-27T05:26:34.6231953Z' while content on disk has modification time of '2025-12-27T05:26:38.7137167Z'
Number of updated asset objects reloaded before import = 0Number of asset objects unloaded after import = 0

========================================================================
Received Import Request.
  Time since last request: 0.000134 seconds.
  path: Assets/Script/GameManager.cs
  artifactKey: Guid(a4a3d2672be09184f87ddd8d5a369e1f) Importer(815301076,1909f56bfc062723c751e8b465ee728b)
Start importing Assets/Script/GameManager.cs using Guid(a4a3d2672be09184f87ddd8d5a369e1f) Importer(815301076,1909f56bfc062723c751e8b465ee728b) (PreviewImporter) -> (artifact id: '00000000000000000000000000000000') in 0.0012648 seconds
Import Error Code:(4)
Message: Build asset version error: assets/script/gamemanager.cs in SourceAssetDB has modification time of '2025-12-27T05:26:34.6231953Z' while content on disk has modification time of '2025-12-27T05:26:38.7137167Z'
  ERROR: Build asset version error: assets/script/gamemanager.cs in SourceAssetDB has modification time of '2025-12-27T05:26:34.6231953Z' while content on disk has modification time of '2025-12-27T05:26:38.7137167Z'
Number of updated asset objects reloaded before import = 0Number of asset objects unloaded after import = 0

========================================================================
Received Import Request.
  Time since last request: 0.000019 seconds.
  path: Assets/Script/GameManager.cs
  artifactKey: Guid(a4a3d2672be09184f87ddd8d5a369e1f) Importer(815301076,1909f56bfc062723c751e8b465ee728b)
Start importing Assets/Script/GameManager.cs using Guid(a4a3d2672be09184f87ddd8d5a369e1f) Importer(815301076,1909f56bfc062723c751e8b465ee728b) (PreviewImporter) -> (artifact id: '00000000000000000000000000000000') in 0.0005667 seconds
Import Error Code:(4)
Message: Build asset version error: assets/script/gamemanager.cs in SourceAssetDB has modification time of '2025-12-27T05:26:34.6231953Z' while content on disk has modification time of '2025-12-27T05:26:38.7137167Z'
  ERROR: Build asset version error: assets/script/gamemanager.cs in SourceAssetDB has modification time of '2025-12-27T05:26:34.6231953Z' while content on disk has modification time of '2025-12-27T05:26:38.7137167Z'
Number of updated asset objects reloaded before import = 0Number of asset objects unloaded after import = 0

========================================================================
Received Import Request.
  Time since last request: 0.000020 seconds.
  path: Assets/Script/GameManager.cs
  artifactKey: Guid(a4a3d2672be09184f87ddd8d5a369e1f) Importer(815301076,1909f56bfc062723c751e8b465ee728b)
Start importing Assets/Script/GameManager.cs using Guid(a4a3d2672be09184f87ddd8d5a369e1f) Importer(815301076,1909f56bfc062723c751e8b465ee728b) (PreviewImporter) -> (artifact id: '00000000000000000000000000000000') in 0.0004089 seconds
Import Error Code:(4)
Message: Build asset version error: assets/script/gamemanager.cs in SourceAssetDB has modification time of '2025-12-27T05:26:34.6231953Z' while content on disk has modification time of '2025-12-27T05:26:38.7137167Z'
  ERROR: Build asset version error: assets/script/gamemanager.cs in SourceAssetDB has modification time of '2025-12-27T05:26:34.6231953Z' while content on disk has modification time of '2025-12-27T05:26:38.7137167Z'
Number of updated asset objects reloaded before import = 0Number of asset objects unloaded after import = 0

========================================================================
Received Import Request.
  Time since last request: 0.000011 seconds.
  path: Assets/Script/GameManager.cs
  artifactKey: Guid(a4a3d2672be09184f87ddd8d5a369e1f) Importer(815301076,1909f56bfc062723c751e8b465ee728b)
Start importing Assets/Script/GameManager.cs using Guid(a4a3d2672be09184f87ddd8d5a369e1f) Importer(815301076,1909f56bfc062723c751e8b465ee728b) (PreviewImporter) -> (artifact id: '00000000000000000000000000000000') in 0.0005356 seconds
Import Error Code:(4)
Message: Build asset version error: assets/script/gamemanager.cs in SourceAssetDB has modification time of '2025-12-27T05:26:34.6231953Z' while content on disk has modification time of '2025-12-27T05:26:38.7137167Z'
  ERROR: Build asset version error: assets/script/gamemanager.cs in SourceAssetDB has modification time of '2025-12-27T05:26:34.6231953Z' while content on disk has modification time of '2025-12-27T05:26:38.7137167Z'
Number of updated asset objects reloaded before import = 0Number of asset objects unloaded after import = 0

========================================================================
Received Import Request.
  Time since last request: 0.000012 seconds.
  path: Assets/Script/GameManager.cs
  artifactKey: Guid(a4a3d2672be09184f87ddd8d5a369e1f) Importer(815301076,1909f56bfc062723c751e8b465ee728b)
Start importing Assets/Script/GameManager.cs using Guid(a4a3d2672be09184f87ddd8d5a369e1f) Importer(815301076,1909f56bfc062723c751e8b465ee728b) (PreviewImporter) -> (artifact id: '00000000000000000000000000000000') in 0.0004142 seconds
Import Error Code:(4)
Message: Build asset version error: assets/script/gamemanager.cs in SourceAssetDB has modification time of '2025-12-27T05:26:34.6231953Z' while content on disk has modification time of '2025-12-27T05:26:38.7137167Z'
  ERROR: Build asset version error: assets/script/gamemanager.cs in SourceAssetDB has modification time of '2025-12-27T05:26:34.6231953Z' while content on disk has modification time of '2025-12-27T05:26:38.7137167Z'
Number of updated asset objects reloaded before import = 0Number of asset objects unloaded after import = 0

========================================================================
Received Import Request.
  Time since last request: 0.000012 seconds.
  path: Assets/Script/GameManager.cs
  artifactKey: Guid(a4a3d2672be09184f87ddd8d5a369e1f) Importer(815301076,1909f56bfc062723c751e8b465ee728b)
Start importing Assets/Script/GameManager.cs using Guid(a4a3d2672be09184f87ddd8d5a369e1f) Importer(815301076,1909f56bfc062723c751e8b465ee728b) (PreviewImporter) -> (artifact id: '00000000000000000000000000000000') in 0.000423 seconds
Import Error Code:(4)
Message: Build asset version error: assets/script/gamemanager.cs in SourceAssetDB has modification time of '2025-12-27T05:26:34.6231953Z' while content on disk has modification time of '2025-12-27T05:26:38.7137167Z'
  ERROR: Build asset version error: assets/script/gamemanager.cs in SourceAssetDB has modification time of '2025-12-27T05:26:34.6231953Z' while content on disk has modification time of '2025-12-27T05:26:38.7137167Z'
Number of updated asset objects reloaded before import = 0Number of asset objects unloaded after import = 0

========================================================================
Received Import Request.
  Time since last request: 0.000012 seconds.
  path: Assets/Script/GameManager.cs
  artifactKey: Guid(a4a3d2672be09184f87ddd8d5a369e1f) Importer(815301076,1909f56bfc062723c751e8b465ee728b)
Start importing Assets/Script/GameManager.cs using Guid(a4a3d2672be09184f87ddd8d5a369e1f) Importer(815301076,1909f56bfc062723c751e8b465ee728b) (PreviewImporter) -> (artifact id: '00000000000000000000000000000000') in 0.0004878 seconds
Import Error Code:(4)
Message: Build asset version error: assets/script/gamemanager.cs in SourceAssetDB has modification time of '2025-12-27T05:26:34.6231953Z' while content on disk has modification time of '2025-12-27T05:26:38.7137167Z'
  ERROR: Build asset version error: assets/script/gamemanager.cs in SourceAssetDB has modification time of '2025-12-27T05:26:34.6231953Z' while content on disk has modification time of '2025-12-27T05:26:38.7137167Z'
Number of updated asset objects reloaded before import = 0Number of asset objects unloaded after import = 0

========================================================================
Received Import Request.
  Time since last request: 0.000011 seconds.
  path: Assets/Script/GameManager.cs
  artifactKey: Guid(a4a3d2672be09184f87ddd8d5a369e1f) Importer(815301076,1909f56bfc062723c751e8b465ee728b)
Start importing Assets/Script/GameManager.cs using Guid(a4a3d2672be09184f87ddd8d5a369e1f) Importer(815301076,1909f56bfc062723c751e8b465ee728b) (PreviewImporter) -> (artifact id: '00000000000000000000000000000000') in 0.0004483 seconds
Import Error Code:(4)
Message: Build asset version error: assets/script/gamemanager.cs in SourceAssetDB has modification time of '2025-12-27T05:26:34.6231953Z' while content on disk has modification time of '2025-12-27T05:26:38.7137167Z'
  ERROR: Build asset version error: assets/script/gamemanager.cs in SourceAssetDB has modification time of '2025-12-27T05:26:34.6231953Z' while content on disk has modification time of '2025-12-27T05:26:38.7137167Z'
Number of updated asset objects reloaded before import = 0Number of asset objects unloaded after import = 0

========================================================================
Received Import Request.
  Time since last request: 0.000013 seconds.
  path: Assets/Script/GameManager.cs
  artifactKey: Guid(a4a3d2672be09184f87ddd8d5a369e1f) Importer(815301076,1909f56bfc062723c751e8b465ee728b)
Start importing Assets/Script/GameManager.cs using Guid(a4a3d2672be09184f87ddd8d5a369e1f) Importer(815301076,1909f56bfc062723c751e8b465ee728b) (PreviewImporter) -> (artifact id: '00000000000000000000000000000000') in 0.0005464 seconds
Import Error Code:(4)
Message: Build asset version error: assets/script/gamemanager.cs in SourceAssetDB has modification time of '2025-12-27T05:26:34.6231953Z' while content on disk has modification time of '2025-12-27T05:26:38.7137167Z'
  ERROR: Build asset version error: assets/script/gamemanager.cs in SourceAssetDB has modification time of '2025-12-27T05:26:34.6231953Z' while content on disk has modification time of '2025-12-27T05:26:38.7137167Z'
Number of updated asset objects reloaded before import = 0Number of asset objects unloaded after import = 0

========================================================================
Received Import Request.
  Time since last request: 0.000017 seconds.
  path: Assets/Script/GameManager.cs
  artifactKey: Guid(a4a3d2672be09184f87ddd8d5a369e1f) Importer(815301076,1909f56bfc062723c751e8b465ee728b)
Start importing Assets/Script/GameManager.cs using Guid(a4a3d2672be09184f87ddd8d5a369e1f) Importer(815301076,1909f56bfc062723c751e8b465ee728b) (PreviewImporter) -> (artifact id: '00000000000000000000000000000000') in 0.0004153 seconds
Import Error Code:(4)
Message: Build asset version error: assets/script/gamemanager.cs in SourceAssetDB has modification time of '2025-12-27T05:26:34.6231953Z' while content on disk has modification time of '2025-12-27T05:26:38.7137167Z'
  ERROR: Build asset version error: assets/script/gamemanager.cs in SourceAssetDB has modification time of '2025-12-27T05:26:34.6231953Z' while content on disk has modification time of '2025-12-27T05:26:38.7137167Z'
Number of updated asset objects reloaded before import = 0Number of asset objects unloaded after import = 0

========================================================================
Received Import Request.
  Time since last request: 0.000021 seconds.
  path: Assets/Script/GameManager.cs
  artifactKey: Guid(a4a3d2672be09184f87ddd8d5a369e1f) Importer(815301076,1909f56bfc062723c751e8b465ee728b)
Start importing Assets/Script/GameManager.cs using Guid(a4a3d2672be09184f87ddd8d5a369e1f) Importer(815301076,1909f56bfc062723c751e8b465ee728b) (PreviewImporter) -> (artifact id: '00000000000000000000000000000000') in 0.0004188 seconds
Import Error Code:(4)
Message: Build asset version error: assets/script/gamemanager.cs in SourceAssetDB has modification time of '2025-12-27T05:26:34.6231953Z' while content on disk has modification time of '2025-12-27T05:26:38.7137167Z'
  ERROR: Build asset version error: assets/script/gamemanager.cs in SourceAssetDB has modification time of '2025-12-27T05:26:34.6231953Z' while content on disk has modification time of '2025-12-27T05:26:38.7137167Z'
Number of updated asset objects reloaded before import = 0Number of asset objects unloaded after import = 0

========================================================================
Received Import Request.
  Time since last request: 0.000035 seconds.
  path: Assets/Script/GameManager.cs
  artifactKey: Guid(a4a3d2672be09184f87ddd8d5a369e1f) Importer(815301076,1909f56bfc062723c751e8b465ee728b)
Start importing Assets/Script/GameManager.cs using Guid(a4a3d2672be09184f87ddd8d5a369e1f) Importer(815301076,1909f56bfc062723c751e8b465ee728b) (PreviewImporter) -> (artifact id: '00000000000000000000000000000000') in 0.0003989 seconds
Import Error Code:(4)
Message: Build asset version error: assets/script/gamemanager.cs in SourceAssetDB has modification time of '2025-12-27T05:26:34.6231953Z' while content on disk has modification time of '2025-12-27T05:26:38.7137167Z'
  ERROR: Build asset version error: assets/script/gamemanager.cs in SourceAssetDB has modification time of '2025-12-27T05:26:34.6231953Z' while content on disk has modification time of '2025-12-27T05:26:38.7137167Z'
Number of updated asset objects reloaded before import = 0Number of asset objects unloaded after import = 0

========================================================================
Received Import Request.
  Time since last request: 0.000012 seconds.
  path: Assets/Script/GameManager.cs
  artifactKey: Guid(a4a3d2672be09184f87ddd8d5a369e1f) Importer(815301076,1909f56bfc062723c751e8b465ee728b)
Start importing Assets/Script/GameManager.cs using Guid(a4a3d2672be09184f87ddd8d5a369e1f) Importer(815301076,1909f56bfc062723c751e8b465ee728b) (PreviewImporter) -> (artifact id: '00000000000000000000000000000000') in 0.0004287 seconds
Import Error Code:(4)
Message: Build asset version error: assets/script/gamemanager.cs in SourceAssetDB has modification time of '2025-12-27T05:26:34.6231953Z' while content on disk has modification time of '2025-12-27T05:26:38.7137167Z'
  ERROR: Build asset version error: assets/script/gamemanager.cs in SourceAssetDB has modification time of '2025-12-27T05:26:34.6231953Z' while content on disk has modification time of '2025-12-27T05:26:38.7137167Z'
Number of updated asset objects reloaded before import = 0Number of asset objects unloaded after import = 0

========================================================================
Received Import Request.
  Time since last request: 0.000012 seconds.
  path: Assets/Script/GameManager.cs
  artifactKey: Guid(a4a3d2672be09184f87ddd8d5a369e1f) Importer(815301076,1909f56bfc062723c751e8b465ee728b)
Start importing Assets/Script/GameManager.cs using Guid(a4a3d2672be09184f87ddd8d5a369e1f) Importer(815301076,1909f56bfc062723c751e8b465ee728b) (PreviewImporter) -> (artifact id: '00000000000000000000000000000000') in 0.0004009 seconds
Import Error Code:(4)
Message: Build asset version error: assets/script/gamemanager.cs in SourceAssetDB has modification time of '2025-12-27T05:26:34.6231953Z' while content on disk has modification time of '2025-12-27T05:26:38.7137167Z'
  ERROR: Build asset version error: assets/script/gamemanager.cs in SourceAssetDB has modification time of '2025-12-27T05:26:34.6231953Z' while content on disk has modification time of '2025-12-27T05:26:38.7137167Z'
Number of updated asset objects reloaded before import = 0Number of asset objects unloaded after import = 0

========================================================================
Received Import Request.
  Time since last request: 0.000012 seconds.
  path: Assets/Script/GameManager.cs
  artifactKey: Guid(a4a3d2672be09184f87ddd8d5a369e1f) Importer(815301076,1909f56bfc062723c751e8b465ee728b)
Start importing Assets/Script/GameManager.cs using Guid(a4a3d2672be09184f87ddd8d5a369e1f) Importer(815301076,1909f56bfc062723c751e8b465ee728b) (PreviewImporter) -> (artifact id: '00000000000000000000000000000000') in 0.0004943 seconds
Import Error Code:(4)
Message: Build asset version error: assets/script/gamemanager.cs in SourceAssetDB has modification time of '2025-12-27T05:26:34.6231953Z' while content on disk has modification time of '2025-12-27T05:26:38.7137167Z'
  ERROR: Build asset version error: assets/script/gamemanager.cs in SourceAssetDB has modification time of '2025-12-27T05:26:34.6231953Z' while content on disk has modification time of '2025-12-27T05:26:38.7137167Z'
Number of updated asset objects reloaded before import = 0Number of asset objects unloaded after import = 0

========================================================================
Received Import Request.
  Time since last request: 0.000013 seconds.
  path: Assets/Script/GameManager.cs
  artifactKey: Guid(a4a3d2672be09184f87ddd8d5a369e1f) Importer(815301076,1909f56bfc062723c751e8b465ee728b)
Start importing Assets/Script/GameManager.cs using Guid(a4a3d2672be09184f87ddd8d5a369e1f) Importer(815301076,1909f56bfc062723c751e8b465ee728b) (PreviewImporter) -> (artifact id: '00000000000000000000000000000000') in 0.0007032 seconds
Import Error Code:(4)
Message: Build asset version error: assets/script/gamemanager.cs in SourceAssetDB has modification time of '2025-12-27T05:26:34.6231953Z' while content on disk has modification time of '2025-12-27T05:26:38.7137167Z'
  ERROR: Build asset version error: assets/script/gamemanager.cs in SourceAssetDB has modification time of '2025-12-27T05:26:34.6231953Z' while content on disk has modification time of '2025-12-27T05:26:38.7137167Z'
Number of updated asset objects reloaded before import = 0Number of asset objects unloaded after import = 0

========================================================================
Received Import Request.
  Time since last request: 0.000012 seconds.
  path: Assets/Script/GameManager.cs
  artifactKey: Guid(a4a3d2672be09184f87ddd8d5a369e1f) Importer(815301076,1909f56bfc062723c751e8b465ee728b)
Start importing Assets/Script/GameManager.cs using Guid(a4a3d2672be09184f87ddd8d5a369e1f) Importer(815301076,1909f56bfc062723c751e8b465ee728b) (PreviewImporter) -> (artifact id: '00000000000000000000000000000000') in 0.0005652 seconds
Import Error Code:(4)
Message: Build asset version error: assets/script/gamemanager.cs in SourceAssetDB has modification time of '2025-12-27T05:26:34.6231953Z' while content on disk has modification time of '2025-12-27T05:26:38.7137167Z'
  ERROR: Build asset version error: assets/script/gamemanager.cs in SourceAssetDB has modification time of '2025-12-27T05:26:34.6231953Z' while content on disk has modification time of '2025-12-27T05:26:38.7137167Z'
Number of updated asset objects reloaded before import = 0Number of asset objects unloaded after import = 0

========================================================================
Received Import Request.
  Time since last request: 0.000012 seconds.
  path: Assets/Script/GameManager.cs
  artifactKey: Guid(a4a3d2672be09184f87ddd8d5a369e1f) Importer(815301076,1909f56bfc062723c751e8b465ee728b)
Start importing Assets/Script/GameManager.cs using Guid(a4a3d2672be09184f87ddd8d5a369e1f) Importer(815301076,1909f56bfc062723c751e8b465ee728b) (PreviewImporter) -> (artifact id: '00000000000000000000000000000000') in 0.0004295 seconds
Import Error Code:(4)
Message: Build asset version error: assets/script/gamemanager.cs in SourceAssetDB has modification time of '2025-12-27T05:26:34.6231953Z' while content on disk has modification time of '2025-12-27T05:26:38.7137167Z'
  ERROR: Build asset version error: assets/script/gamemanager.cs in SourceAssetDB has modification time of '2025-12-27T05:26:34.6231953Z' while content on disk has modification time of '2025-12-27T05:26:38.7137167Z'
Number of updated asset objects reloaded before import = 0Number of asset objects unloaded after import = 0

========================================================================
Received Import Request.
  Time since last request: 0.000019 seconds.
  path: Assets/Script/GameManager.cs
  artifactKey: Guid(a4a3d2672be09184f87ddd8d5a369e1f) Importer(815301076,1909f56bfc062723c751e8b465ee728b)
Start importing Assets/Script/GameManager.cs using Guid(a4a3d2672be09184f87ddd8d5a369e1f) Importer(815301076,1909f56bfc062723c751e8b465ee728b) (PreviewImporter) -> (artifact id: '00000000000000000000000000000000') in 0.0005299 seconds
Import Error Code:(4)
Message: Build asset version error: assets/script/gamemanager.cs in SourceAssetDB has modification time of '2025-12-27T05:26:34.6231953Z' while content on disk has modification time of '2025-12-27T05:26:38.7137167Z'
  ERROR: Build asset version error: assets/script/gamemanager.cs in SourceAssetDB has modification time of '2025-12-27T05:26:34.6231953Z' while content on disk has modification time of '2025-12-27T05:26:38.7137167Z'
Number of updated asset objects reloaded before import = 0Number of asset objects unloaded after import = 0

========================================================================
Received Import Request.
  Time since last request: 0.000023 seconds.
  path: Assets/Script/GameManager.cs
  artifactKey: Guid(a4a3d2672be09184f87ddd8d5a369e1f) Importer(815301076,1909f56bfc062723c751e8b465ee728b)
Start importing Assets/Script/GameManager.cs using Guid(a4a3d2672be09184f87ddd8d5a369e1f) Importer(815301076,1909f56bfc062723c751e8b465ee728b) (PreviewImporter) -> (artifact id: '00000000000000000000000000000000') in 0.0004955 seconds
Import Error Code:(4)
Message: Build asset version error: assets/script/gamemanager.cs in SourceAssetDB has modification time of '2025-12-27T05:26:34.6231953Z' while content on disk has modification time of '2025-12-27T05:26:38.7137167Z'
  ERROR: Build asset version error: assets/script/gamemanager.cs in SourceAssetDB has modification time of '2025-12-27T05:26:34.6231953Z' while content on disk has modification time of '2025-12-27T05:26:38.7137167Z'
Number of updated asset objects reloaded before import = 0Number of asset objects unloaded after import = 0

========================================================================
Received Import Request.
  Time since last request: 0.000017 seconds.
  path: Assets/Script/GameManager.cs
  artifactKey: Guid(a4a3d2672be09184f87ddd8d5a369e1f) Importer(815301076,1909f56bfc062723c751e8b465ee728b)
Start importing Assets/Script/GameManager.cs using Guid(a4a3d2672be09184f87ddd8d5a369e1f) Importer(815301076,1909f56bfc062723c751e8b465ee728b) (PreviewImporter) -> (artifact id: '00000000000000000000000000000000') in 0.0005163 seconds
Import Error Code:(4)
Message: Build asset version error: assets/script/gamemanager.cs in SourceAssetDB has modification time of '2025-12-27T05:26:34.6231953Z' while content on disk has modification time of '2025-12-27T05:26:38.7137167Z'
  ERROR: Build asset version error: assets/script/gamemanager.cs in SourceAssetDB has modification time of '2025-12-27T05:26:34.6231953Z' while content on disk has modification time of '2025-12-27T05:26:38.7137167Z'
Number of updated asset objects reloaded before import = 0Number of asset objects unloaded after import = 0

========================================================================
Received Import Request.
  Time since last request: 0.000013 seconds.
  path: Assets/Script/GameManager.cs
  artifactKey: Guid(a4a3d2672be09184f87ddd8d5a369e1f) Importer(815301076,1909f56bfc062723c751e8b465ee728b)
Start importing Assets/Script/GameManager.cs using Guid(a4a3d2672be09184f87ddd8d5a369e1f) Importer(815301076,1909f56bfc062723c751e8b465ee728b) (PreviewImporter) -> (artifact id: '00000000000000000000000000000000') in 0.0005311 seconds
Import Error Code:(4)
Message: Build asset version error: assets/script/gamemanager.cs in SourceAssetDB has modification time of '2025-12-27T05:26:34.6231953Z' while content on disk has modification time of '2025-12-27T05:26:38.7137167Z'
  ERROR: Build asset version error: assets/script/gamemanager.cs in SourceAssetDB has modification time of '2025-12-27T05:26:34.6231953Z' while content on disk has modification time of '2025-12-27T05:26:38.7137167Z'
Number of updated asset objects reloaded before import = 0Number of asset objects unloaded after import = 0

========================================================================
Received Import Request.
  Time since last request: 0.000012 seconds.
  path: Assets/Script/GameManager.cs
  artifactKey: Guid(a4a3d2672be09184f87ddd8d5a369e1f) Importer(815301076,1909f56bfc062723c751e8b465ee728b)
Start importing Assets/Script/GameManager.cs using Guid(a4a3d2672be09184f87ddd8d5a369e1f) Importer(815301076,1909f56bfc062723c751e8b465ee728b) (PreviewImporter) -> (artifact id: '00000000000000000000000000000000') in 0.0004568 seconds
Import Error Code:(4)
Message: Build asset version error: assets/script/gamemanager.cs in SourceAssetDB has modification time of '2025-12-27T05:26:34.6231953Z' while content on disk has modification time of '2025-12-27T05:26:38.7137167Z'
  ERROR: Build asset version error: assets/script/gamemanager.cs in SourceAssetDB has modification time of '2025-12-27T05:26:34.6231953Z' while content on disk has modification time of '2025-12-27T05:26:38.7137167Z'
Number of updated asset objects reloaded before import = 0Number of asset objects unloaded after import = 0

========================================================================
Received Import Request.
  Time since last request: 0.000015 seconds.
  path: Assets/Script/GameManager.cs
  artifactKey: Guid(a4a3d2672be09184f87ddd8d5a369e1f) Importer(815301076,1909f56bfc062723c751e8b465ee728b)
Start importing Assets/Script/GameManager.cs using Guid(a4a3d2672be09184f87ddd8d5a369e1f) Importer(815301076,1909f56bfc062723c751e8b465ee728b) (PreviewImporter) -> (artifact id: '00000000000000000000000000000000') in 0.0004961 seconds
Import Error Code:(4)
Message: Build asset version error: assets/script/gamemanager.cs in SourceAssetDB has modification time of '2025-12-27T05:26:34.6231953Z' while content on disk has modification time of '2025-12-27T05:26:38.7137167Z'
  ERROR: Build asset version error: assets/script/gamemanager.cs in SourceAssetDB has modification time of '2025-12-27T05:26:34.6231953Z' while content on disk has modification time of '2025-12-27T05:26:38.7137167Z'
Number of updated asset objects reloaded before import = 0Number of asset objects unloaded after import = 0

========================================================================
Received Import Request.
  Time since last request: 0.000015 seconds.
  path: Assets/Script/GameManager.cs
  artifactKey: Guid(a4a3d2672be09184f87ddd8d5a369e1f) Importer(815301076,1909f56bfc062723c751e8b465ee728b)
Start importing Assets/Script/GameManager.cs using Guid(a4a3d2672be09184f87ddd8d5a369e1f) Importer(815301076,1909f56bfc062723c751e8b465ee728b) (PreviewImporter) -> (artifact id: '00000000000000000000000000000000') in 0.0004867 seconds
Import Error Code:(4)
Message: Build asset version error: assets/script/gamemanager.cs in SourceAssetDB has modification time of '2025-12-27T05:26:34.6231953Z' while content on disk has modification time of '2025-12-27T05:26:38.7137167Z'
  ERROR: Build asset version error: assets/script/gamemanager.cs in SourceAssetDB has modification time of '2025-12-27T05:26:34.6231953Z' while content on disk has modification time of '2025-12-27T05:26:38.7137167Z'
Number of updated asset objects reloaded before import = 0Number of asset objects unloaded after import = 0

========================================================================
Received Import Request.
  Time since last request: 0.000018 seconds.
  path: Assets/Script/GameManager.cs
  artifactKey: Guid(a4a3d2672be09184f87ddd8d5a369e1f) Importer(815301076,1909f56bfc062723c751e8b465ee728b)
Start importing Assets/Script/GameManager.cs using Guid(a4a3d2672be09184f87ddd8d5a369e1f) Importer(815301076,1909f56bfc062723c751e8b465ee728b) (PreviewImporter) -> (artifact id: '00000000000000000000000000000000') in 0.000422 seconds
Import Error Code:(4)
Message: Build asset version error: assets/script/gamemanager.cs in SourceAssetDB has modification time of '2025-12-27T05:26:34.6231953Z' while content on disk has modification time of '2025-12-27T05:26:38.7137167Z'
  ERROR: Build asset version error: assets/script/gamemanager.cs in SourceAssetDB has modification time of '2025-12-27T05:26:34.6231953Z' while content on disk has modification time of '2025-12-27T05:26:38.7137167Z'
Number of updated asset objects reloaded before import = 0Number of asset objects unloaded after import = 0

========================================================================
Received Import Request.
  Time since last request: 0.000014 seconds.
  path: Assets/Script/GameManager.cs
  artifactKey: Guid(a4a3d2672be09184f87ddd8d5a369e1f) Importer(815301076,1909f56bfc062723c751e8b465ee728b)
Start importing Assets/Script/GameManager.cs using Guid(a4a3d2672be09184f87ddd8d5a369e1f) Importer(815301076,1909f56bfc062723c751e8b465ee728b) (PreviewImporter) -> (artifact id: '00000000000000000000000000000000') in 0.0004424 seconds
Import Error Code:(4)
Message: Build asset version error: assets/script/gamemanager.cs in SourceAssetDB has modification time of '2025-12-27T05:26:34.6231953Z' while content on disk has modification time of '2025-12-27T05:26:38.7137167Z'
  ERROR: Build asset version error: assets/script/gamemanager.cs in SourceAssetDB has modification time of '2025-12-27T05:26:34.6231953Z' while content on disk has modification time of '2025-12-27T05:26:38.7137167Z'
Number of updated asset objects reloaded before import = 0Number of asset objects unloaded after import = 0

========================================================================
Received Import Request.
  Time since last request: 0.000024 seconds.
  path: Assets/Script/GameManager.cs
  artifactKey: Guid(a4a3d2672be09184f87ddd8d5a369e1f) Importer(815301076,1909f56bfc062723c751e8b465ee728b)
Start importing Assets/Script/GameManager.cs using Guid(a4a3d2672be09184f87ddd8d5a369e1f) Importer(815301076,1909f56bfc062723c751e8b465ee728b) (PreviewImporter) -> (artifact id: '00000000000000000000000000000000') in 0.0004641 seconds
Import Error Code:(4)
Message: Build asset version error: assets/script/gamemanager.cs in SourceAssetDB has modification time of '2025-12-27T05:26:34.6231953Z' while content on disk has modification time of '2025-12-27T05:26:38.7137167Z'
  ERROR: Build asset version error: assets/script/gamemanager.cs in SourceAssetDB has modification time of '2025-12-27T05:26:34.6231953Z' while content on disk has modification time of '2025-12-27T05:26:38.7137167Z'
Number of updated asset objects reloaded before import = 0Number of asset objects unloaded after import = 0

========================================================================
Received Import Request.
  Time since last request: 0.000013 seconds.
  path: Assets/Script/GameManager.cs
  artifactKey: Guid(a4a3d2672be09184f87ddd8d5a369e1f) Importer(815301076,1909f56bfc062723c751e8b465ee728b)
Start importing Assets/Script/GameManager.cs using Guid(a4a3d2672be09184f87ddd8d5a369e1f) Importer(815301076,1909f56bfc062723c751e8b465ee728b) (PreviewImporter) -> (artifact id: '00000000000000000000000000000000') in 0.0004883 seconds
Import Error Code:(4)
Message: Build asset version error: assets/script/gamemanager.cs in SourceAssetDB has modification time of '2025-12-27T05:26:34.6231953Z' while content on disk has modification time of '2025-12-27T05:26:38.7137167Z'
  ERROR: Build asset version error: assets/script/gamemanager.cs in SourceAssetDB has modification time of '2025-12-27T05:26:34.6231953Z' while content on disk has modification time of '2025-12-27T05:26:38.7137167Z'
Number of updated asset objects reloaded before import = 0Number of asset objects unloaded after import = 0

========================================================================
Received Import Request.
  Time since last request: 0.000025 seconds.
  path: Assets/Script/GameManager.cs
  artifactKey: Guid(a4a3d2672be09184f87ddd8d5a369e1f) Importer(815301076,1909f56bfc062723c751e8b465ee728b)
Start importing Assets/Script/GameManager.cs using Guid(a4a3d2672be09184f87ddd8d5a369e1f) Importer(815301076,1909f56bfc062723c751e8b465ee728b) (PreviewImporter) -> (artifact id: '00000000000000000000000000000000') in 0.0004145 seconds
Import Error Code:(4)
Message: Build asset version error: assets/script/gamemanager.cs in SourceAssetDB has modification time of '2025-12-27T05:26:34.6231953Z' while content on disk has modification time of '2025-12-27T05:26:38.7137167Z'
  ERROR: Build asset version error: assets/script/gamemanager.cs in SourceAssetDB has modification time of '2025-12-27T05:26:34.6231953Z' while content on disk has modification time of '2025-12-27T05:26:38.7137167Z'
Number of updated asset objects reloaded before import = 0Number of asset objects unloaded after import = 0

========================================================================
Received Import Request.
  Time since last request: 0.000017 seconds.
  path: Assets/Script/GameManager.cs
  artifactKey: Guid(a4a3d2672be09184f87ddd8d5a369e1f) Importer(815301076,1909f56bfc062723c751e8b465ee728b)
Start importing Assets/Script/GameManager.cs using Guid(a4a3d2672be09184f87ddd8d5a369e1f) Importer(815301076,1909f56bfc062723c751e8b465ee728b) (PreviewImporter) -> (artifact id: '00000000000000000000000000000000') in 0.0004148 seconds
Import Error Code:(4)
Message: Build asset version error: assets/script/gamemanager.cs in SourceAssetDB has modification time of '2025-12-27T05:26:34.6231953Z' while content on disk has modification time of '2025-12-27T05:26:38.7137167Z'
  ERROR: Build asset version error: assets/script/gamemanager.cs in SourceAssetDB has modification time of '2025-12-27T05:26:34.6231953Z' while content on disk has modification time of '2025-12-27T05:26:38.7137167Z'
Number of updated asset objects reloaded before import = 0Number of asset objects unloaded after import = 0

========================================================================
Received Import Request.
  Time since last request: 0.000012 seconds.
  path: Assets/Script/GameManager.cs
  artifactKey: Guid(a4a3d2672be09184f87ddd8d5a369e1f) Importer(815301076,1909f56bfc062723c751e8b465ee728b)
Start importing Assets/Script/GameManager.cs using Guid(a4a3d2672be09184f87ddd8d5a369e1f) Importer(815301076,1909f56bfc062723c751e8b465ee728b) (PreviewImporter) -> (artifact id: '00000000000000000000000000000000') in 0.0004998 seconds
Import Error Code:(4)
Message: Build asset version error: assets/script/gamemanager.cs in SourceAssetDB has modification time of '2025-12-27T05:26:34.6231953Z' while content on disk has modification time of '2025-12-27T05:26:38.7137167Z'
  ERROR: Build asset version error: assets/script/gamemanager.cs in SourceAssetDB has modification time of '2025-12-27T05:26:34.6231953Z' while content on disk has modification time of '2025-12-27T05:26:38.7137167Z'
Number of updated asset objects reloaded before import = 0Number of asset objects unloaded after import = 0

========================================================================
Received Import Request.
  Time since last request: 0.000021 seconds.
  path: Assets/Script/GameManager.cs
  artifactKey: Guid(a4a3d2672be09184f87ddd8d5a369e1f) Importer(815301076,1909f56bfc062723c751e8b465ee728b)
Start importing Assets/Script/GameManager.cs using Guid(a4a3d2672be09184f87ddd8d5a369e1f) Importer(815301076,1909f56bfc062723c751e8b465ee728b) (PreviewImporter) -> (artifact id: '00000000000000000000000000000000') in 0.0005187 seconds
Import Error Code:(4)
Message: Build asset version error: assets/script/gamemanager.cs in SourceAssetDB has modification time of '2025-12-27T05:26:34.6231953Z' while content on disk has modification time of '2025-12-27T05:26:38.7137167Z'
  ERROR: Build asset version error: assets/script/gamemanager.cs in SourceAssetDB has modification time of '2025-12-27T05:26:34.6231953Z' while content on disk has modification time of '2025-12-27T05:26:38.7137167Z'
Number of updated asset objects reloaded before import = 0Number of asset objects unloaded after import = 0

========================================================================
Received Import Request.
  Time since last request: 0.000017 seconds.
  path: Assets/Script/GameManager.cs
  artifactKey: Guid(a4a3d2672be09184f87ddd8d5a369e1f) Importer(815301076,1909f56bfc062723c751e8b465ee728b)
Start importing Assets/Script/GameManager.cs using Guid(a4a3d2672be09184f87ddd8d5a369e1f) Importer(815301076,1909f56bfc062723c751e8b465ee728b) (PreviewImporter) -> (artifact id: '00000000000000000000000000000000') in 0.0005306 seconds
Import Error Code:(4)
Message: Build asset version error: assets/script/gamemanager.cs in SourceAssetDB has modification time of '2025-12-27T05:26:34.6231953Z' while content on disk has modification time of '2025-12-27T05:26:38.7137167Z'
  ERROR: Build asset version error: assets/script/gamemanager.cs in SourceAssetDB has modification time of '2025-12-27T05:26:34.6231953Z' while content on disk has modification time of '2025-12-27T05:26:38.7137167Z'
Number of updated asset objects reloaded before import = 0Number of asset objects unloaded after import = 0

========================================================================
Received Import Request.
  Time since last request: 0.000023 seconds.
  path: Assets/Script/GameManager.cs
  artifactKey: Guid(a4a3d2672be09184f87ddd8d5a369e1f) Importer(815301076,1909f56bfc062723c751e8b465ee728b)
Start importing Assets/Script/GameManager.cs using Guid(a4a3d2672be09184f87ddd8d5a369e1f) Importer(815301076,1909f56bfc062723c751e8b465ee728b) (PreviewImporter) -> (artifact id: '00000000000000000000000000000000') in 0.0003874 seconds
Import Error Code:(4)
Message: Build asset version error: assets/script/gamemanager.cs in SourceAssetDB has modification time of '2025-12-27T05:26:34.6231953Z' while content on disk has modification time of '2025-12-27T05:26:38.7137167Z'
  ERROR: Build asset version error: assets/script/gamemanager.cs in SourceAssetDB has modification time of '2025-12-27T05:26:34.6231953Z' while content on disk has modification time of '2025-12-27T05:26:38.7137167Z'
Number of updated asset objects reloaded before import = 0Number of asset objects unloaded after import = 0

========================================================================
Received Import Request.
  Time since last request: 0.000020 seconds.
  path: Assets/Script/GameManager.cs
  artifactKey: Guid(a4a3d2672be09184f87ddd8d5a369e1f) Importer(815301076,1909f56bfc062723c751e8b465ee728b)
Start importing Assets/Script/GameManager.cs using Guid(a4a3d2672be09184f87ddd8d5a369e1f) Importer(815301076,1909f56bfc062723c751e8b465ee728b) (PreviewImporter) -> (artifact id: '00000000000000000000000000000000') in 0.000416 seconds
Import Error Code:(4)
Message: Build asset version error: assets/script/gamemanager.cs in SourceAssetDB has modification time of '2025-12-27T05:26:34.6231953Z' while content on disk has modification time of '2025-12-27T05:26:38.7137167Z'
  ERROR: Build asset version error: assets/script/gamemanager.cs in SourceAssetDB has modification time of '2025-12-27T05:26:34.6231953Z' while content on disk has modification time of '2025-12-27T05:26:38.7137167Z'
Number of updated asset objects reloaded before import = 0Number of asset objects unloaded after import = 0

========================================================================
Received Import Request.
  Time since last request: 0.000012 seconds.
  path: Assets/Script/GameManager.cs
  artifactKey: Guid(a4a3d2672be09184f87ddd8d5a369e1f) Importer(815301076,1909f56bfc062723c751e8b465ee728b)
Start importing Assets/Script/GameManager.cs using Guid(a4a3d2672be09184f87ddd8d5a369e1f) Importer(815301076,1909f56bfc062723c751e8b465ee728b) (PreviewImporter) -> (artifact id: '00000000000000000000000000000000') in 0.0007567 seconds
Import Error Code:(4)
Message: Build asset version error: assets/script/gamemanager.cs in SourceAssetDB has modification time of '2025-12-27T05:26:34.6231953Z' while content on disk has modification time of '2025-12-27T05:26:38.7137167Z'
  ERROR: Build asset version error: assets/script/gamemanager.cs in SourceAssetDB has modification time of '2025-12-27T05:26:34.6231953Z' while content on disk has modification time of '2025-12-27T05:26:38.7137167Z'
Number of updated asset objects reloaded before import = 0Number of asset objects unloaded after import = 0

========================================================================
Received Import Request.
  Time since last request: 0.000012 seconds.
  path: Assets/Script/GameManager.cs
  artifactKey: Guid(a4a3d2672be09184f87ddd8d5a369e1f) Importer(815301076,1909f56bfc062723c751e8b465ee728b)
Start importing Assets/Script/GameManager.cs using Guid(a4a3d2672be09184f87ddd8d5a369e1f) Importer(815301076,1909f56bfc062723c751e8b465ee728b) (PreviewImporter) -> (artifact id: '00000000000000000000000000000000') in 0.0005187 seconds
Import Error Code:(4)
Message: Build asset version error: assets/script/gamemanager.cs in SourceAssetDB has modification time of '2025-12-27T05:26:34.6231953Z' while content on disk has modification time of '2025-12-27T05:26:38.7137167Z'
  ERROR: Build asset version error: assets/script/gamemanager.cs in SourceAssetDB has modification time of '2025-12-27T05:26:34.6231953Z' while content on disk has modification time of '2025-12-27T05:26:38.7137167Z'
Number of updated asset objects reloaded before import = 0Number of asset objects unloaded after import = 0

========================================================================
Received Import Request.
  Time since last request: 0.000015 seconds.
  path: Assets/Script/GameManager.cs
  artifactKey: Guid(a4a3d2672be09184f87ddd8d5a369e1f) Importer(815301076,1909f56bfc062723c751e8b465ee728b)
Start importing Assets/Script/GameManager.cs using Guid(a4a3d2672be09184f87ddd8d5a369e1f) Importer(815301076,1909f56bfc062723c751e8b465ee728b) (PreviewImporter) -> (artifact id: '00000000000000000000000000000000') in 0.0004025 seconds
Import Error Code:(4)
Message: Build asset version error: assets/script/gamemanager.cs in SourceAssetDB has modification time of '2025-12-27T05:26:34.6231953Z' while content on disk has modification time of '2025-12-27T05:26:38.7137167Z'
  ERROR: Build asset version error: assets/script/gamemanager.cs in SourceAssetDB has modification time of '2025-12-27T05:26:34.6231953Z' while content on disk has modification time of '2025-12-27T05:26:38.7137167Z'
Number of updated asset objects reloaded before import = 0Number of asset objects unloaded after import = 0

========================================================================
Received Import Request.
  Time since last request: 0.000018 seconds.
  path: Assets/Script/GameManager.cs
  artifactKey: Guid(a4a3d2672be09184f87ddd8d5a369e1f) Importer(815301076,1909f56bfc062723c751e8b465ee728b)
Start importing Assets/Script/GameManager.cs using Guid(a4a3d2672be09184f87ddd8d5a369e1f) Importer(815301076,1909f56bfc062723c751e8b465ee728b) (PreviewImporter) -> (artifact id: '00000000000000000000000000000000') in 0.0004675 seconds
Import Error Code:(4)
Message: Build asset version error: assets/script/gamemanager.cs in SourceAssetDB has modification time of '2025-12-27T05:26:34.6231953Z' while content on disk has modification time of '2025-12-27T05:26:38.7137167Z'
  ERROR: Build asset version error: assets/script/gamemanager.cs in SourceAssetDB has modification time of '2025-12-27T05:26:34.6231953Z' while content on disk has modification time of '2025-12-27T05:26:38.7137167Z'
Number of updated asset objects reloaded before import = 0Number of asset objects unloaded after import = 0

========================================================================
Received Import Request.
  Time since last request: 0.000012 seconds.
  path: Assets/Script/GameManager.cs
  artifactKey: Guid(a4a3d2672be09184f87ddd8d5a369e1f) Importer(815301076,1909f56bfc062723c751e8b465ee728b)
Start importing Assets/Script/GameManager.cs using Guid(a4a3d2672be09184f87ddd8d5a369e1f) Importer(815301076,1909f56bfc062723c751e8b465ee728b) (PreviewImporter) -> (artifact id: '00000000000000000000000000000000') in 0.000476 seconds
Import Error Code:(4)
Message: Build asset version error: assets/script/gamemanager.cs in SourceAssetDB has modification time of '2025-12-27T05:26:34.6231953Z' while content on disk has modification time of '2025-12-27T05:26:38.7137167Z'
  ERROR: Build asset version error: assets/script/gamemanager.cs in SourceAssetDB has modification time of '2025-12-27T05:26:34.6231953Z' while content on disk has modification time of '2025-12-27T05:26:38.7137167Z'
Number of updated asset objects reloaded before import = 0Number of asset objects unloaded after import = 0

========================================================================
Received Import Request.
  Time since last request: 0.000012 seconds.
  path: Assets/Script/GameManager.cs
  artifactKey: Guid(a4a3d2672be09184f87ddd8d5a369e1f) Importer(815301076,1909f56bfc062723c751e8b465ee728b)
Start importing Assets/Script/GameManager.cs using Guid(a4a3d2672be09184f87ddd8d5a369e1f) Importer(815301076,1909f56bfc062723c751e8b465ee728b) (PreviewImporter) -> (artifact id: '00000000000000000000000000000000') in 0.0006622 seconds
Import Error Code:(4)
Message: Build asset version error: assets/script/gamemanager.cs in SourceAssetDB has modification time of '2025-12-27T05:26:34.6231953Z' while content on disk has modification time of '2025-12-27T05:26:38.7137167Z'
  ERROR: Build asset version error: assets/script/gamemanager.cs in SourceAssetDB has modification time of '2025-12-27T05:26:34.6231953Z' while content on disk has modification time of '2025-12-27T05:26:38.7137167Z'
Number of updated asset objects reloaded before import = 0Number of asset objects unloaded after import = 0

========================================================================
Received Import Request.
  Time since last request: 0.000022 seconds.
  path: Assets/Script/GameManager.cs
  artifactKey: Guid(a4a3d2672be09184f87ddd8d5a369e1f) Importer(815301076,1909f56bfc062723c751e8b465ee728b)
Start importing Assets/Script/GameManager.cs using Guid(a4a3d2672be09184f87ddd8d5a369e1f) Importer(815301076,1909f56bfc062723c751e8b465ee728b) (PreviewImporter) -> (artifact id: '00000000000000000000000000000000') in 0.0004143 seconds
Import Error Code:(4)
Message: Build asset version error: assets/script/gamemanager.cs in SourceAssetDB has modification time of '2025-12-27T05:26:34.6231953Z' while content on disk has modification time of '2025-12-27T05:26:38.7137167Z'
  ERROR: Build asset version error: assets/script/gamemanager.cs in SourceAssetDB has modification time of '2025-12-27T05:26:34.6231953Z' while content on disk has modification time of '2025-12-27T05:26:38.7137167Z'
Number of updated asset objects reloaded before import = 0Number of asset objects unloaded after import = 0

========================================================================
Received Import Request.
  Time since last request: 0.000027 seconds.
  path: Assets/Script/GameManager.cs
  artifactKey: Guid(a4a3d2672be09184f87ddd8d5a369e1f) Importer(815301076,1909f56bfc062723c751e8b465ee728b)
Start importing Assets/Script/GameManager.cs using Guid(a4a3d2672be09184f87ddd8d5a369e1f) Importer(815301076,1909f56bfc062723c751e8b465ee728b) (PreviewImporter) -> (artifact id: '00000000000000000000000000000000') in 0.0007227 seconds
Import Error Code:(4)
Message: Build asset version error: assets/script/gamemanager.cs in SourceAssetDB has modification time of '2025-12-27T05:26:34.6231953Z' while content on disk has modification time of '2025-12-27T05:26:38.7137167Z'
  ERROR: Build asset version error: assets/script/gamemanager.cs in SourceAssetDB has modification time of '2025-12-27T05:26:34.6231953Z' while content on disk has modification time of '2025-12-27T05:26:38.7137167Z'
Number of updated asset objects reloaded before import = 0Number of asset objects unloaded after import = 0

========================================================================
Received Import Request.
  Time since last request: 0.000013 seconds.
  path: Assets/Script/GameManager.cs
  artifactKey: Guid(a4a3d2672be09184f87ddd8d5a369e1f) Importer(815301076,1909f56bfc062723c751e8b465ee728b)
Start importing Assets/Script/GameManager.cs using Guid(a4a3d2672be09184f87ddd8d5a369e1f) Importer(815301076,1909f56bfc062723c751e8b465ee728b) (PreviewImporter) -> (artifact id: '00000000000000000000000000000000') in 0.000547 seconds
Import Error Code:(4)
Message: Build asset version error: assets/script/gamemanager.cs in SourceAssetDB has modification time of '2025-12-27T05:26:34.6231953Z' while content on disk has modification time of '2025-12-27T05:26:38.7137167Z'
  ERROR: Build asset version error: assets/script/gamemanager.cs in SourceAssetDB has modification time of '2025-12-27T05:26:34.6231953Z' while content on disk has modification time of '2025-12-27T05:26:38.7137167Z'
Number of updated asset objects reloaded before import = 0Number of asset objects unloaded after import = 0

========================================================================
Received Import Request.
  Time since last request: 0.000018 seconds.
  path: Assets/Script/GameManager.cs
  artifactKey: Guid(a4a3d2672be09184f87ddd8d5a369e1f) Importer(815301076,1909f56bfc062723c751e8b465ee728b)
Start importing Assets/Script/GameManager.cs using Guid(a4a3d2672be09184f87ddd8d5a369e1f) Importer(815301076,1909f56bfc062723c751e8b465ee728b) (PreviewImporter) -> (artifact id: '00000000000000000000000000000000') in 0.0004288 seconds
Import Error Code:(4)
Message: Build asset version error: assets/script/gamemanager.cs in SourceAssetDB has modification time of '2025-12-27T05:26:34.6231953Z' while content on disk has modification time of '2025-12-27T05:26:38.7137167Z'
  ERROR: Build asset version error: assets/script/gamemanager.cs in SourceAssetDB has modification time of '2025-12-27T05:26:34.6231953Z' while content on disk has modification time of '2025-12-27T05:26:38.7137167Z'
Number of updated asset objects reloaded before import = 0Number of asset objects unloaded after import = 0

========================================================================
Received Import Request.
  Time since last request: 0.000021 seconds.
  path: Assets/Script/GameManager.cs
  artifactKey: Guid(a4a3d2672be09184f87ddd8d5a369e1f) Importer(815301076,1909f56bfc062723c751e8b465ee728b)
Start importing Assets/Script/GameManager.cs using Guid(a4a3d2672be09184f87ddd8d5a369e1f) Importer(815301076,1909f56bfc062723c751e8b465ee728b) (PreviewImporter) -> (artifact id: '00000000000000000000000000000000') in 0.0003977 seconds
Import Error Code:(4)
Message: Build asset version error: assets/script/gamemanager.cs in SourceAssetDB has modification time of '2025-12-27T05:26:34.6231953Z' while content on disk has modification time of '2025-12-27T05:26:38.7137167Z'
  ERROR: Build asset version error: assets/script/gamemanager.cs in SourceAssetDB has modification time of '2025-12-27T05:26:34.6231953Z' while content on disk has modification time of '2025-12-27T05:26:38.7137167Z'
Number of updated asset objects reloaded before import = 0Number of asset objects unloaded after import = 0

========================================================================
Received Import Request.
  Time since last request: 0.000012 seconds.
  path: Assets/Script/GameManager.cs
  artifactKey: Guid(a4a3d2672be09184f87ddd8d5a369e1f) Importer(815301076,1909f56bfc062723c751e8b465ee728b)
Start importing Assets/Script/GameManager.cs using Guid(a4a3d2672be09184f87ddd8d5a369e1f) Importer(815301076,1909f56bfc062723c751e8b465ee728b) (PreviewImporter) -> (artifact id: '00000000000000000000000000000000') in 0.0003753 seconds
Import Error Code:(4)
Message: Build asset version error: assets/script/gamemanager.cs in SourceAssetDB has modification time of '2025-12-27T05:26:34.6231953Z' while content on disk has modification time of '2025-12-27T05:26:38.7137167Z'
  ERROR: Build asset version error: assets/script/gamemanager.cs in SourceAssetDB has modification time of '2025-12-27T05:26:34.6231953Z' while content on disk has modification time of '2025-12-27T05:26:38.7137167Z'
Number of updated asset objects reloaded before import = 0Number of asset objects unloaded after import = 0

========================================================================
Received Import Request.
  Time since last request: 0.000013 seconds.
  path: Assets/Script/GameManager.cs
  artifactKey: Guid(a4a3d2672be09184f87ddd8d5a369e1f) Importer(815301076,1909f56bfc062723c751e8b465ee728b)
Start importing Assets/Script/GameManager.cs using Guid(a4a3d2672be09184f87ddd8d5a369e1f) Importer(815301076,1909f56bfc062723c751e8b465ee728b) (PreviewImporter) -> (artifact id: '00000000000000000000000000000000') in 0.0005793 seconds
Import Error Code:(4)
Message: Build asset version error: assets/script/gamemanager.cs in SourceAssetDB has modification time of '2025-12-27T05:26:34.6231953Z' while content on disk has modification time of '2025-12-27T05:26:38.7137167Z'
  ERROR: Build asset version error: assets/script/gamemanager.cs in SourceAssetDB has modification time of '2025-12-27T05:26:34.6231953Z' while content on disk has modification time of '2025-12-27T05:26:38.7137167Z'
Number of updated asset objects reloaded before import = 0Number of asset objects unloaded after import = 0

========================================================================
Received Import Request.
  Time since last request: 0.000013 seconds.
  path: Assets/Script/GameManager.cs
  artifactKey: Guid(a4a3d2672be09184f87ddd8d5a369e1f) Importer(815301076,1909f56bfc062723c751e8b465ee728b)
Start importing Assets/Script/GameManager.cs using Guid(a4a3d2672be09184f87ddd8d5a369e1f) Importer(815301076,1909f56bfc062723c751e8b465ee728b) (PreviewImporter) -> (artifact id: '00000000000000000000000000000000') in 0.0005631 seconds
Import Error Code:(4)
Message: Build asset version error: assets/script/gamemanager.cs in SourceAssetDB has modification time of '2025-12-27T05:26:34.6231953Z' while content on disk has modification time of '2025-12-27T05:26:38.7137167Z'
  ERROR: Build asset version error: assets/script/gamemanager.cs in SourceAssetDB has modification time of '2025-12-27T05:26:34.6231953Z' while content on disk has modification time of '2025-12-27T05:26:38.7137167Z'
Number of updated asset objects reloaded before import = 0Number of asset objects unloaded after import = 0

========================================================================
Received Import Request.
  Time since last request: 0.000014 seconds.
  path: Assets/Script/GameManager.cs
  artifactKey: Guid(a4a3d2672be09184f87ddd8d5a369e1f) Importer(815301076,1909f56bfc062723c751e8b465ee728b)
Start importing Assets/Script/GameManager.cs using Guid(a4a3d2672be09184f87ddd8d5a369e1f) Importer(815301076,1909f56bfc062723c751e8b465ee728b) (PreviewImporter) -> (artifact id: '00000000000000000000000000000000') in 0.000567 seconds
Import Error Code:(4)
Message: Build asset version error: assets/script/gamemanager.cs in SourceAssetDB has modification time of '2025-12-27T05:26:34.6231953Z' while content on disk has modification time of '2025-12-27T05:26:38.7137167Z'
  ERROR: Build asset version error: assets/script/gamemanager.cs in SourceAssetDB has modification time of '2025-12-27T05:26:34.6231953Z' while content on disk has modification time of '2025-12-27T05:26:38.7137167Z'
Number of updated asset objects reloaded before import = 0Number of asset objects unloaded after import = 0

========================================================================
Received Import Request.
  Time since last request: 0.000027 seconds.
  path: Assets/Script/GameManager.cs
  artifactKey: Guid(a4a3d2672be09184f87ddd8d5a369e1f) Importer(815301076,1909f56bfc062723c751e8b465ee728b)
Start importing Assets/Script/GameManager.cs using Guid(a4a3d2672be09184f87ddd8d5a369e1f) Importer(815301076,1909f56bfc062723c751e8b465ee728b) (PreviewImporter) -> (artifact id: '00000000000000000000000000000000') in 0.0014776 seconds
Import Error Code:(4)
Message: Build asset version error: assets/script/gamemanager.cs in SourceAssetDB has modification time of '2025-12-27T05:26:34.6231953Z' while content on disk has modification time of '2025-12-27T05:26:38.7137167Z'
  ERROR: Build asset version error: assets/script/gamemanager.cs in SourceAssetDB has modification time of '2025-12-27T05:26:34.6231953Z' while content on disk has modification time of '2025-12-27T05:26:38.7137167Z'
Number of updated asset objects reloaded before import = 0Number of asset objects unloaded after import = 0

========================================================================
Received Import Request.
  Time since last request: 0.000014 seconds.
  path: Assets/Script/GameManager.cs
  artifactKey: Guid(a4a3d2672be09184f87ddd8d5a369e1f) Importer(815301076,1909f56bfc062723c751e8b465ee728b)
Start importing Assets/Script/GameManager.cs using Guid(a4a3d2672be09184f87ddd8d5a369e1f) Importer(815301076,1909f56bfc062723c751e8b465ee728b) (PreviewImporter) -> (artifact id: '00000000000000000000000000000000') in 0.0004083 seconds
Import Error Code:(4)
Message: Build asset version error: assets/script/gamemanager.cs in SourceAssetDB has modification time of '2025-12-27T05:26:34.6231953Z' while content on disk has modification time of '2025-12-27T05:26:38.7137167Z'
  ERROR: Build asset version error: assets/script/gamemanager.cs in SourceAssetDB has modification time of '2025-12-27T05:26:34.6231953Z' while content on disk has modification time of '2025-12-27T05:26:38.7137167Z'
Number of updated asset objects reloaded before import = 0Number of asset objects unloaded after import = 0

========================================================================
Received Import Request.
  Time since last request: 0.000016 seconds.
  path: Assets/Script/GameManager.cs
  artifactKey: Guid(a4a3d2672be09184f87ddd8d5a369e1f) Importer(815301076,1909f56bfc062723c751e8b465ee728b)
Start importing Assets/Script/GameManager.cs using Guid(a4a3d2672be09184f87ddd8d5a369e1f) Importer(815301076,1909f56bfc062723c751e8b465ee728b) (PreviewImporter) -> (artifact id: '00000000000000000000000000000000') in 0.0004638 seconds
Import Error Code:(4)
Message: Build asset version error: assets/script/gamemanager.cs in SourceAssetDB has modification time of '2025-12-27T05:26:34.6231953Z' while content on disk has modification time of '2025-12-27T05:26:38.7137167Z'
  ERROR: Build asset version error: assets/script/gamemanager.cs in SourceAssetDB has modification time of '2025-12-27T05:26:34.6231953Z' while content on disk has modification time of '2025-12-27T05:26:38.7137167Z'
Number of updated asset objects reloaded before import = 0Number of asset objects unloaded after import = 0

========================================================================
Received Import Request.
  Time since last request: 0.000015 seconds.
  path: Assets/Script/GameManager.cs
  artifactKey: Guid(a4a3d2672be09184f87ddd8d5a369e1f) Importer(815301076,1909f56bfc062723c751e8b465ee728b)
Start importing Assets/Script/GameManager.cs using Guid(a4a3d2672be09184f87ddd8d5a369e1f) Importer(815301076,1909f56bfc062723c751e8b465ee728b) (PreviewImporter) -> (artifact id: '00000000000000000000000000000000') in 0.0004801 seconds
Import Error Code:(4)
Message: Build asset version error: assets/script/gamemanager.cs in SourceAssetDB has modification time of '2025-12-27T05:26:34.6231953Z' while content on disk has modification time of '2025-12-27T05:26:38.7137167Z'
  ERROR: Build asset version error: assets/script/gamemanager.cs in SourceAssetDB has modification time of '2025-12-27T05:26:34.6231953Z' while content on disk has modification time of '2025-12-27T05:26:38.7137167Z'
Number of updated asset objects reloaded before import = 0Number of asset objects unloaded after import = 0

========================================================================
Received Import Request.
  Time since last request: 0.000012 seconds.
  path: Assets/Script/GameManager.cs
  artifactKey: Guid(a4a3d2672be09184f87ddd8d5a369e1f) Importer(815301076,1909f56bfc062723c751e8b465ee728b)
Start importing Assets/Script/GameManager.cs using Guid(a4a3d2672be09184f87ddd8d5a369e1f) Importer(815301076,1909f56bfc062723c751e8b465ee728b) (PreviewImporter) -> (artifact id: '00000000000000000000000000000000') in 0.0003852 seconds
Import Error Code:(4)
Message: Build asset version error: assets/script/gamemanager.cs in SourceAssetDB has modification time of '2025-12-27T05:26:34.6231953Z' while content on disk has modification time of '2025-12-27T05:26:38.7137167Z'
  ERROR: Build asset version error: assets/script/gamemanager.cs in SourceAssetDB has modification time of '2025-12-27T05:26:34.6231953Z' while content on disk has modification time of '2025-12-27T05:26:38.7137167Z'
Number of updated asset objects reloaded before import = 0Number of asset objects unloaded after import = 0

========================================================================
Received Import Request.
  Time since last request: 0.000012 seconds.
  path: Assets/Script/GameManager.cs
  artifactKey: Guid(a4a3d2672be09184f87ddd8d5a369e1f) Importer(815301076,1909f56bfc062723c751e8b465ee728b)
Start importing Assets/Script/GameManager.cs using Guid(a4a3d2672be09184f87ddd8d5a369e1f) Importer(815301076,1909f56bfc062723c751e8b465ee728b) (PreviewImporter) -> (artifact id: '00000000000000000000000000000000') in 0.0005375 seconds
Import Error Code:(4)
Message: Build asset version error: assets/script/gamemanager.cs in SourceAssetDB has modification time of '2025-12-27T05:26:34.6231953Z' while content on disk has modification time of '2025-12-27T05:26:38.7137167Z'
  ERROR: Build asset version error: assets/script/gamemanager.cs in SourceAssetDB has modification time of '2025-12-27T05:26:34.6231953Z' while content on disk has modification time of '2025-12-27T05:26:38.7137167Z'
Number of updated asset objects reloaded before import = 0Number of asset objects unloaded after import = 0

========================================================================
Received Import Request.
  Time since last request: 0.000012 seconds.
  path: Assets/Script/GameManager.cs
  artifactKey: Guid(a4a3d2672be09184f87ddd8d5a369e1f) Importer(815301076,1909f56bfc062723c751e8b465ee728b)
Start importing Assets/Script/GameManager.cs using Guid(a4a3d2672be09184f87ddd8d5a369e1f) Importer(815301076,1909f56bfc062723c751e8b465ee728b) (PreviewImporter) -> (artifact id: '00000000000000000000000000000000') in 0.0003765 seconds
Import Error Code:(4)
Message: Build asset version error: assets/script/gamemanager.cs in SourceAssetDB has modification time of '2025-12-27T05:26:34.6231953Z' while content on disk has modification time of '2025-12-27T05:26:38.7137167Z'
  ERROR: Build asset version error: assets/script/gamemanager.cs in SourceAssetDB has modification time of '2025-12-27T05:26:34.6231953Z' while content on disk has modification time of '2025-12-27T05:26:38.7137167Z'
Number of updated asset objects reloaded before import = 0Number of asset objects unloaded after import = 0

========================================================================
Received Import Request.
  Time since last request: 0.000022 seconds.
  path: Assets/Script/GameManager.cs
  artifactKey: Guid(a4a3d2672be09184f87ddd8d5a369e1f) Importer(815301076,1909f56bfc062723c751e8b465ee728b)
Start importing Assets/Script/GameManager.cs using Guid(a4a3d2672be09184f87ddd8d5a369e1f) Importer(815301076,1909f56bfc062723c751e8b465ee728b) (PreviewImporter) -> (artifact id: '00000000000000000000000000000000') in 0.0004636 seconds
Import Error Code:(4)
Message: Build asset version error: assets/script/gamemanager.cs in SourceAssetDB has modification time of '2025-12-27T05:26:34.6231953Z' while content on disk has modification time of '2025-12-27T05:26:38.7137167Z'
  ERROR: Build asset version error: assets/script/gamemanager.cs in SourceAssetDB has modification time of '2025-12-27T05:26:34.6231953Z' while content on disk has modification time of '2025-12-27T05:26:38.7137167Z'
Number of updated asset objects reloaded before import = 0Number of asset objects unloaded after import = 0

========================================================================
Received Import Request.
  Time since last request: 0.000019 seconds.
  path: Assets/Script/GameManager.cs
  artifactKey: Guid(a4a3d2672be09184f87ddd8d5a369e1f) Importer(815301076,1909f56bfc062723c751e8b465ee728b)
Start importing Assets/Script/GameManager.cs using Guid(a4a3d2672be09184f87ddd8d5a369e1f) Importer(815301076,1909f56bfc062723c751e8b465ee728b) (PreviewImporter) -> (artifact id: '00000000000000000000000000000000') in 0.0003965 seconds
Import Error Code:(4)
Message: Build asset version error: assets/script/gamemanager.cs in SourceAssetDB has modification time of '2025-12-27T05:26:34.6231953Z' while content on disk has modification time of '2025-12-27T05:26:38.7137167Z'
  ERROR: Build asset version error: assets/script/gamemanager.cs in SourceAssetDB has modification time of '2025-12-27T05:26:34.6231953Z' while content on disk has modification time of '2025-12-27T05:26:38.7137167Z'
Number of updated asset objects reloaded before import = 0Number of asset objects unloaded after import = 0

========================================================================
Received Import Request.
  Time since last request: 0.000024 seconds.
  path: Assets/Script/GameManager.cs
  artifactKey: Guid(a4a3d2672be09184f87ddd8d5a369e1f) Importer(815301076,1909f56bfc062723c751e8b465ee728b)
Start importing Assets/Script/GameManager.cs using Guid(a4a3d2672be09184f87ddd8d5a369e1f) Importer(815301076,1909f56bfc062723c751e8b465ee728b) (PreviewImporter) -> (artifact id: '00000000000000000000000000000000') in 0.0004706 seconds
Import Error Code:(4)
Message: Build asset version error: assets/script/gamemanager.cs in SourceAssetDB has modification time of '2025-12-27T05:26:34.6231953Z' while content on disk has modification time of '2025-12-27T05:26:38.7137167Z'
  ERROR: Build asset version error: assets/script/gamemanager.cs in SourceAssetDB has modification time of '2025-12-27T05:26:34.6231953Z' while content on disk has modification time of '2025-12-27T05:26:38.7137167Z'
Number of updated asset objects reloaded before import = 0Number of asset objects unloaded after import = 0

========================================================================
Received Import Request.
  Time since last request: 0.000014 seconds.
  path: Assets/Script/GameManager.cs
  artifactKey: Guid(a4a3d2672be09184f87ddd8d5a369e1f) Importer(815301076,1909f56bfc062723c751e8b465ee728b)
Start importing Assets/Script/GameManager.cs using Guid(a4a3d2672be09184f87ddd8d5a369e1f) Importer(815301076,1909f56bfc062723c751e8b465ee728b) (PreviewImporter) -> (artifact id: '00000000000000000000000000000000') in 0.0003706 seconds
Import Error Code:(4)
Message: Build asset version error: assets/script/gamemanager.cs in SourceAssetDB has modification time of '2025-12-27T05:26:34.6231953Z' while content on disk has modification time of '2025-12-27T05:26:38.7137167Z'
  ERROR: Build asset version error: assets/script/gamemanager.cs in SourceAssetDB has modification time of '2025-12-27T05:26:34.6231953Z' while content on disk has modification time of '2025-12-27T05:26:38.7137167Z'
Number of updated asset objects reloaded before import = 0Number of asset objects unloaded after import = 0

========================================================================
Received Import Request.
  Time since last request: 0.000020 seconds.
  path: Assets/Script/GameManager.cs
  artifactKey: Guid(a4a3d2672be09184f87ddd8d5a369e1f) Importer(815301076,1909f56bfc062723c751e8b465ee728b)
Start importing Assets/Script/GameManager.cs using Guid(a4a3d2672be09184f87ddd8d5a369e1f) Importer(815301076,1909f56bfc062723c751e8b465ee728b) (PreviewImporter) -> (artifact id: '00000000000000000000000000000000') in 0.0003948 seconds
Import Error Code:(4)
Message: Build asset version error: assets/script/gamemanager.cs in SourceAssetDB has modification time of '2025-12-27T05:26:34.6231953Z' while content on disk has modification time of '2025-12-27T05:26:38.7137167Z'
  ERROR: Build asset version error: assets/script/gamemanager.cs in SourceAssetDB has modification time of '2025-12-27T05:26:34.6231953Z' while content on disk has modification time of '2025-12-27T05:26:38.7137167Z'
Number of updated asset objects reloaded before import = 0Number of asset objects unloaded after import = 0

========================================================================
Received Import Request.
  Time since last request: 0.000015 seconds.
  path: Assets/Script/GameManager.cs
  artifactKey: Guid(a4a3d2672be09184f87ddd8d5a369e1f) Importer(815301076,1909f56bfc062723c751e8b465ee728b)
Start importing Assets/Script/GameManager.cs using Guid(a4a3d2672be09184f87ddd8d5a369e1f) Importer(815301076,1909f56bfc062723c751e8b465ee728b) (PreviewImporter) -> (artifact id: '00000000000000000000000000000000') in 0.0004102 seconds
Import Error Code:(4)
Message: Build asset version error: assets/script/gamemanager.cs in SourceAssetDB has modification time of '2025-12-27T05:26:34.6231953Z' while content on disk has modification time of '2025-12-27T05:26:38.7137167Z'
  ERROR: Build asset version error: assets/script/gamemanager.cs in SourceAssetDB has modification time of '2025-12-27T05:26:34.6231953Z' while content on disk has modification time of '2025-12-27T05:26:38.7137167Z'
Number of updated asset objects reloaded before import = 0Number of asset objects unloaded after import = 0

========================================================================
Received Import Request.
  Time since last request: 0.000011 seconds.
  path: Assets/Script/GameManager.cs
  artifactKey: Guid(a4a3d2672be09184f87ddd8d5a369e1f) Importer(815301076,1909f56bfc062723c751e8b465ee728b)
Start importing Assets/Script/GameManager.cs using Guid(a4a3d2672be09184f87ddd8d5a369e1f) Importer(815301076,1909f56bfc062723c751e8b465ee728b) (PreviewImporter) -> (artifact id: '00000000000000000000000000000000') in 0.0004477 seconds
Import Error Code:(4)
Message: Build asset version error: assets/script/gamemanager.cs in SourceAssetDB has modification time of '2025-12-27T05:26:34.6231953Z' while content on disk has modification time of '2025-12-27T05:26:38.7137167Z'
  ERROR: Build asset version error: assets/script/gamemanager.cs in SourceAssetDB has modification time of '2025-12-27T05:26:34.6231953Z' while content on disk has modification time of '2025-12-27T05:26:38.7137167Z'
Number of updated asset objects reloaded before import = 0Number of asset objects unloaded after import = 0

========================================================================
Received Import Request.
  Time since last request: 0.000012 seconds.
  path: Assets/Script/GameManager.cs
  artifactKey: Guid(a4a3d2672be09184f87ddd8d5a369e1f) Importer(815301076,1909f56bfc062723c751e8b465ee728b)
Start importing Assets/Script/GameManager.cs using Guid(a4a3d2672be09184f87ddd8d5a369e1f) Importer(815301076,1909f56bfc062723c751e8b465ee728b) (PreviewImporter) -> (artifact id: '00000000000000000000000000000000') in 0.0004933 seconds
Import Error Code:(4)
Message: Build asset version error: assets/script/gamemanager.cs in SourceAssetDB has modification time of '2025-12-27T05:26:34.6231953Z' while content on disk has modification time of '2025-12-27T05:26:38.7137167Z'
  ERROR: Build asset version error: assets/script/gamemanager.cs in SourceAssetDB has modification time of '2025-12-27T05:26:34.6231953Z' while content on disk has modification time of '2025-12-27T05:26:38.7137167Z'
Number of updated asset objects reloaded before import = 0Number of asset objects unloaded after import = 0

========================================================================
Received Import Request.
  Time since last request: 0.000016 seconds.
  path: Assets/Script/GameManager.cs
  artifactKey: Guid(a4a3d2672be09184f87ddd8d5a369e1f) Importer(815301076,1909f56bfc062723c751e8b465ee728b)
Start importing Assets/Script/GameManager.cs using Guid(a4a3d2672be09184f87ddd8d5a369e1f) Importer(815301076,1909f56bfc062723c751e8b465ee728b) (PreviewImporter) -> (artifact id: '00000000000000000000000000000000') in 0.0004623 seconds
Import Error Code:(4)
Message: Build asset version error: assets/script/gamemanager.cs in SourceAssetDB has modification time of '2025-12-27T05:26:34.6231953Z' while content on disk has modification time of '2025-12-27T05:26:38.7137167Z'
  ERROR: Build asset version error: assets/script/gamemanager.cs in SourceAssetDB has modification time of '2025-12-27T05:26:34.6231953Z' while content on disk has modification time of '2025-12-27T05:26:38.7137167Z'
Number of updated asset objects reloaded before import = 0Number of asset objects unloaded after import = 0

========================================================================
Received Import Request.
  Time since last request: 0.000021 seconds.
  path: Assets/Script/GameManager.cs
  artifactKey: Guid(a4a3d2672be09184f87ddd8d5a369e1f) Importer(815301076,1909f56bfc062723c751e8b465ee728b)
Start importing Assets/Script/GameManager.cs using Guid(a4a3d2672be09184f87ddd8d5a369e1f) Importer(815301076,1909f56bfc062723c751e8b465ee728b) (PreviewImporter) -> (artifact id: '00000000000000000000000000000000') in 0.0005405 seconds
Import Error Code:(4)
Message: Build asset version error: assets/script/gamemanager.cs in SourceAssetDB has modification time of '2025-12-27T05:26:34.6231953Z' while content on disk has modification time of '2025-12-27T05:26:38.7137167Z'
  ERROR: Build asset version error: assets/script/gamemanager.cs in SourceAssetDB has modification time of '2025-12-27T05:26:34.6231953Z' while content on disk has modification time of '2025-12-27T05:26:38.7137167Z'
Number of updated asset objects reloaded before import = 0Number of asset objects unloaded after import = 0

========================================================================
Received Import Request.
  Time since last request: 0.000011 seconds.
  path: Assets/Script/GameManager.cs
  artifactKey: Guid(a4a3d2672be09184f87ddd8d5a369e1f) Importer(815301076,1909f56bfc062723c751e8b465ee728b)
Start importing Assets/Script/GameManager.cs using Guid(a4a3d2672be09184f87ddd8d5a369e1f) Importer(815301076,1909f56bfc062723c751e8b465ee728b) (PreviewImporter) -> (artifact id: '00000000000000000000000000000000') in 0.0007946 seconds
Import Error Code:(4)
Message: Build asset version error: assets/script/gamemanager.cs in SourceAssetDB has modification time of '2025-12-27T05:26:34.6231953Z' while content on disk has modification time of '2025-12-27T05:26:38.7137167Z'
  ERROR: Build asset version error: assets/script/gamemanager.cs in SourceAssetDB has modification time of '2025-12-27T05:26:34.6231953Z' while content on disk has modification time of '2025-12-27T05:26:38.7137167Z'
Number of updated asset objects reloaded before import = 0Number of asset objects unloaded after import = 0

========================================================================
Received Import Request.
  Time since last request: 0.000021 seconds.
  path: Assets/Script/GameManager.cs
  artifactKey: Guid(a4a3d2672be09184f87ddd8d5a369e1f) Importer(815301076,1909f56bfc062723c751e8b465ee728b)
Start importing Assets/Script/GameManager.cs using Guid(a4a3d2672be09184f87ddd8d5a369e1f) Importer(815301076,1909f56bfc062723c751e8b465ee728b) (PreviewImporter) -> (artifact id: '00000000000000000000000000000000') in 0.0003968 seconds
Import Error Code:(4)
Message: Build asset version error: assets/script/gamemanager.cs in SourceAssetDB has modification time of '2025-12-27T05:26:34.6231953Z' while content on disk has modification time of '2025-12-27T05:26:38.7137167Z'
  ERROR: Build asset version error: assets/script/gamemanager.cs in SourceAssetDB has modification time of '2025-12-27T05:26:34.6231953Z' while content on disk has modification time of '2025-12-27T05:26:38.7137167Z'
Number of updated asset objects reloaded before import = 0Number of asset objects unloaded after import = 0

========================================================================
Received Import Request.
  Time since last request: 0.000012 seconds.
  path: Assets/Script/GameManager.cs
  artifactKey: Guid(a4a3d2672be09184f87ddd8d5a369e1f) Importer(815301076,1909f56bfc062723c751e8b465ee728b)
Start importing Assets/Script/GameManager.cs using Guid(a4a3d2672be09184f87ddd8d5a369e1f) Importer(815301076,1909f56bfc062723c751e8b465ee728b) (PreviewImporter) -> (artifact id: '00000000000000000000000000000000') in 0.0003738 seconds
Import Error Code:(4)
Message: Build asset version error: assets/script/gamemanager.cs in SourceAssetDB has modification time of '2025-12-27T05:26:34.6231953Z' while content on disk has modification time of '2025-12-27T05:26:38.7137167Z'
  ERROR: Build asset version error: assets/script/gamemanager.cs in SourceAssetDB has modification time of '2025-12-27T05:26:34.6231953Z' while content on disk has modification time of '2025-12-27T05:26:38.7137167Z'
Number of updated asset objects reloaded before import = 0Number of asset objects unloaded after import = 0

========================================================================
Received Import Request.
  Time since last request: 0.000011 seconds.
  path: Assets/Script/GameManager.cs
  artifactKey: Guid(a4a3d2672be09184f87ddd8d5a369e1f) Importer(815301076,1909f56bfc062723c751e8b465ee728b)
Start importing Assets/Script/GameManager.cs using Guid(a4a3d2672be09184f87ddd8d5a369e1f) Importer(815301076,1909f56bfc062723c751e8b465ee728b) (PreviewImporter) -> (artifact id: '00000000000000000000000000000000') in 0.0004278 seconds
Import Error Code:(4)
Message: Build asset version error: assets/script/gamemanager.cs in SourceAssetDB has modification time of '2025-12-27T05:26:34.6231953Z' while content on disk has modification time of '2025-12-27T05:26:38.7137167Z'
  ERROR: Build asset version error: assets/script/gamemanager.cs in SourceAssetDB has modification time of '2025-12-27T05:26:34.6231953Z' while content on disk has modification time of '2025-12-27T05:26:38.7137167Z'
Number of updated asset objects reloaded before import = 0Number of asset objects unloaded after import = 0

========================================================================
Received Import Request.
  Time since last request: 0.000014 seconds.
  path: Assets/Script/GameManager.cs
  artifactKey: Guid(a4a3d2672be09184f87ddd8d5a369e1f) Importer(815301076,1909f56bfc062723c751e8b465ee728b)
Start importing Assets/Script/GameManager.cs using Guid(a4a3d2672be09184f87ddd8d5a369e1f) Importer(815301076,1909f56bfc062723c751e8b465ee728b) (PreviewImporter) -> (artifact id: '00000000000000000000000000000000') in 0.0003808 seconds
Import Error Code:(4)
Message: Build asset version error: assets/script/gamemanager.cs in SourceAssetDB has modification time of '2025-12-27T05:26:34.6231953Z' while content on disk has modification time of '2025-12-27T05:26:38.7137167Z'
  ERROR: Build asset version error: assets/script/gamemanager.cs in SourceAssetDB has modification time of '2025-12-27T05:26:34.6231953Z' while content on disk has modification time of '2025-12-27T05:26:38.7137167Z'
Number of updated asset objects reloaded before import = 0Number of asset objects unloaded after import = 0

========================================================================
Received Import Request.
  Time since last request: 0.000011 seconds.
  path: Assets/Script/GameManager.cs
  artifactKey: Guid(a4a3d2672be09184f87ddd8d5a369e1f) Importer(815301076,1909f56bfc062723c751e8b465ee728b)
Start importing Assets/Script/GameManager.cs using Guid(a4a3d2672be09184f87ddd8d5a369e1f) Importer(815301076,1909f56bfc062723c751e8b465ee728b) (PreviewImporter) -> (artifact id: '00000000000000000000000000000000') in 0.0004515 seconds
Import Error Code:(4)
Message: Build asset version error: assets/script/gamemanager.cs in SourceAssetDB has modification time of '2025-12-27T05:26:34.6231953Z' while content on disk has modification time of '2025-12-27T05:26:38.7137167Z'
  ERROR: Build asset version error: assets/script/gamemanager.cs in SourceAssetDB has modification time of '2025-12-27T05:26:34.6231953Z' while content on disk has modification time of '2025-12-27T05:26:38.7137167Z'
Number of updated asset objects reloaded before import = 0Number of asset objects unloaded after import = 0

========================================================================
Received Import Request.
  Time since last request: 0.000014 seconds.
  path: Assets/Script/GameManager.cs
  artifactKey: Guid(a4a3d2672be09184f87ddd8d5a369e1f) Importer(815301076,1909f56bfc062723c751e8b465ee728b)
Start importing Assets/Script/GameManager.cs using Guid(a4a3d2672be09184f87ddd8d5a369e1f) Importer(815301076,1909f56bfc062723c751e8b465ee728b) (PreviewImporter) -> (artifact id: '00000000000000000000000000000000') in 0.0006015 seconds
Import Error Code:(4)
Message: Build asset version error: assets/script/gamemanager.cs in SourceAssetDB has modification time of '2025-12-27T05:26:34.6231953Z' while content on disk has modification time of '2025-12-27T05:26:38.7137167Z'
  ERROR: Build asset version error: assets/script/gamemanager.cs in SourceAssetDB has modification time of '2025-12-27T05:26:34.6231953Z' while content on disk has modification time of '2025-12-27T05:26:38.7137167Z'
Number of updated asset objects reloaded before import = 0Number of asset objects unloaded after import = 0

========================================================================
Received Import Request.
  Time since last request: 0.000021 seconds.
  path: Assets/Script/GameManager.cs
  artifactKey: Guid(a4a3d2672be09184f87ddd8d5a369e1f) Importer(815301076,1909f56bfc062723c751e8b465ee728b)
Start importing Assets/Script/GameManager.cs using Guid(a4a3d2672be09184f87ddd8d5a369e1f) Importer(815301076,1909f56bfc062723c751e8b465ee728b) (PreviewImporter) -> (artifact id: '00000000000000000000000000000000') in 0.0004337 seconds
Import Error Code:(4)
Message: Build asset version error: assets/script/gamemanager.cs in SourceAssetDB has modification time of '2025-12-27T05:26:34.6231953Z' while content on disk has modification time of '2025-12-27T05:26:38.7137167Z'
  ERROR: Build asset version error: assets/script/gamemanager.cs in SourceAssetDB has modification time of '2025-12-27T05:26:34.6231953Z' while content on disk has modification time of '2025-12-27T05:26:38.7137167Z'
Number of updated asset objects reloaded before import = 0Number of asset objects unloaded after import = 0

========================================================================
Received Import Request.
  Time since last request: 0.000011 seconds.
  path: Assets/Script/GameManager.cs
  artifactKey: Guid(a4a3d2672be09184f87ddd8d5a369e1f) Importer(815301076,1909f56bfc062723c751e8b465ee728b)
Start importing Assets/Script/GameManager.cs using Guid(a4a3d2672be09184f87ddd8d5a369e1f) Importer(815301076,1909f56bfc062723c751e8b465ee728b) (PreviewImporter) -> (artifact id: '00000000000000000000000000000000') in 0.0003831 seconds
Import Error Code:(4)
Message: Build asset version error: assets/script/gamemanager.cs in SourceAssetDB has modification time of '2025-12-27T05:26:34.6231953Z' while content on disk has modification time of '2025-12-27T05:26:38.7137167Z'
  ERROR: Build asset version error: assets/script/gamemanager.cs in SourceAssetDB has modification time of '2025-12-27T05:26:34.6231953Z' while content on disk has modification time of '2025-12-27T05:26:38.7137167Z'
Number of updated asset objects reloaded before import = 0Number of asset objects unloaded after import = 0

========================================================================
Received Import Request.
  Time since last request: 0.000019 seconds.
  path: Assets/Script/GameManager.cs
  artifactKey: Guid(a4a3d2672be09184f87ddd8d5a369e1f) Importer(815301076,1909f56bfc062723c751e8b465ee728b)
Start importing Assets/Script/GameManager.cs using Guid(a4a3d2672be09184f87ddd8d5a369e1f) Importer(815301076,1909f56bfc062723c751e8b465ee728b) (PreviewImporter) -> (artifact id: '00000000000000000000000000000000') in 0.0004 seconds
Import Error Code:(4)
Message: Build asset version error: assets/script/gamemanager.cs in SourceAssetDB has modification time of '2025-12-27T05:26:34.6231953Z' while content on disk has modification time of '2025-12-27T05:26:38.7137167Z'
  ERROR: Build asset version error: assets/script/gamemanager.cs in SourceAssetDB has modification time of '2025-12-27T05:26:34.6231953Z' while content on disk has modification time of '2025-12-27T05:26:38.7137167Z'
Number of updated asset objects reloaded before import = 0Number of asset objects unloaded after import = 0

========================================================================
Received Import Request.
  Time since last request: 0.000023 seconds.
  path: Assets/Script/GameManager.cs
  artifactKey: Guid(a4a3d2672be09184f87ddd8d5a369e1f) Importer(815301076,1909f56bfc062723c751e8b465ee728b)
Start importing Assets/Script/GameManager.cs using Guid(a4a3d2672be09184f87ddd8d5a369e1f) Importer(815301076,1909f56bfc062723c751e8b465ee728b) (PreviewImporter) -> (artifact id: '00000000000000000000000000000000') in 0.0005266 seconds
Import Error Code:(4)
Message: Build asset version error: assets/script/gamemanager.cs in SourceAssetDB has modification time of '2025-12-27T05:26:34.6231953Z' while content on disk has modification time of '2025-12-27T05:26:38.7137167Z'
  ERROR: Build asset version error: assets/script/gamemanager.cs in SourceAssetDB has modification time of '2025-12-27T05:26:34.6231953Z' while content on disk has modification time of '2025-12-27T05:26:38.7137167Z'
Number of updated asset objects reloaded before import = 0Number of asset objects unloaded after import = 0

========================================================================
Received Import Request.
  Time since last request: 0.000013 seconds.
  path: Assets/Script/GameManager.cs
  artifactKey: Guid(a4a3d2672be09184f87ddd8d5a369e1f) Importer(815301076,1909f56bfc062723c751e8b465ee728b)
Start importing Assets/Script/GameManager.cs using Guid(a4a3d2672be09184f87ddd8d5a369e1f) Importer(815301076,1909f56bfc062723c751e8b465ee728b) (PreviewImporter) -> (artifact id: '00000000000000000000000000000000') in 0.0007026 seconds
Import Error Code:(4)
Message: Build asset version error: assets/script/gamemanager.cs in SourceAssetDB has modification time of '2025-12-27T05:26:34.6231953Z' while content on disk has modification time of '2025-12-27T05:26:38.7137167Z'
  ERROR: Build asset version error: assets/script/gamemanager.cs in SourceAssetDB has modification time of '2025-12-27T05:26:34.6231953Z' while content on disk has modification time of '2025-12-27T05:26:38.7137167Z'
Number of updated asset objects reloaded before import = 0Number of asset objects unloaded after import = 0

========================================================================
Received Import Request.
  Time since last request: 0.000013 seconds.
  path: Assets/Script/GameManager.cs
  artifactKey: Guid(a4a3d2672be09184f87ddd8d5a369e1f) Importer(815301076,1909f56bfc062723c751e8b465ee728b)
Start importing Assets/Script/GameManager.cs using Guid(a4a3d2672be09184f87ddd8d5a369e1f) Importer(815301076,1909f56bfc062723c751e8b465ee728b) (PreviewImporter) -> (artifact id: '00000000000000000000000000000000') in 0.0005116 seconds
Import Error Code:(4)
Message: Build asset version error: assets/script/gamemanager.cs in SourceAssetDB has modification time of '2025-12-27T05:26:34.6231953Z' while content on disk has modification time of '2025-12-27T05:26:38.7137167Z'
  ERROR: Build asset version error: assets/script/gamemanager.cs in SourceAssetDB has modification time of '2025-12-27T05:26:34.6231953Z' while content on disk has modification time of '2025-12-27T05:26:38.7137167Z'
Number of updated asset objects reloaded before import = 0Number of asset objects unloaded after import = 0

========================================================================
Received Import Request.
  Time since last request: 0.000013 seconds.
  path: Assets/Script/GameManager.cs
  artifactKey: Guid(a4a3d2672be09184f87ddd8d5a369e1f) Importer(815301076,1909f56bfc062723c751e8b465ee728b)
Start importing Assets/Script/GameManager.cs using Guid(a4a3d2672be09184f87ddd8d5a369e1f) Importer(815301076,1909f56bfc062723c751e8b465ee728b) (PreviewImporter) -> (artifact id: '00000000000000000000000000000000') in 0.0004784 seconds
Import Error Code:(4)
Message: Build asset version error: assets/script/gamemanager.cs in SourceAssetDB has modification time of '2025-12-27T05:26:34.6231953Z' while content on disk has modification time of '2025-12-27T05:26:38.7137167Z'
  ERROR: Build asset version error: assets/script/gamemanager.cs in SourceAssetDB has modification time of '2025-12-27T05:26:34.6231953Z' while content on disk has modification time of '2025-12-27T05:26:38.7137167Z'
Number of updated asset objects reloaded before import = 0Number of asset objects unloaded after import = 0

========================================================================
Received Import Request.
  Time since last request: 0.000021 seconds.
  path: Assets/Script/GameManager.cs
  artifactKey: Guid(a4a3d2672be09184f87ddd8d5a369e1f) Importer(815301076,1909f56bfc062723c751e8b465ee728b)
Start importing Assets/Script/GameManager.cs using Guid(a4a3d2672be09184f87ddd8d5a369e1f) Importer(815301076,1909f56bfc062723c751e8b465ee728b) (PreviewImporter) -> (artifact id: '00000000000000000000000000000000') in 0.0004918 seconds
Import Error Code:(4)
Message: Build asset version error: assets/script/gamemanager.cs in SourceAssetDB has modification time of '2025-12-27T05:26:34.6231953Z' while content on disk has modification time of '2025-12-27T05:26:38.7137167Z'
  ERROR: Build asset version error: assets/script/gamemanager.cs in SourceAssetDB has modification time of '2025-12-27T05:26:34.6231953Z' while content on disk has modification time of '2025-12-27T05:26:38.7137167Z'
Number of updated asset objects reloaded before import = 0Number of asset objects unloaded after import = 0

========================================================================
Received Import Request.
  Time since last request: 0.000021 seconds.
  path: Assets/Script/GameManager.cs
  artifactKey: Guid(a4a3d2672be09184f87ddd8d5a369e1f) Importer(815301076,1909f56bfc062723c751e8b465ee728b)
Start importing Assets/Script/GameManager.cs using Guid(a4a3d2672be09184f87ddd8d5a369e1f) Importer(815301076,1909f56bfc062723c751e8b465ee728b) (PreviewImporter) -> (artifact id: '00000000000000000000000000000000') in 0.0006164 seconds
Import Error Code:(4)
Message: Build asset version error: assets/script/gamemanager.cs in SourceAssetDB has modification time of '2025-12-27T05:26:34.6231953Z' while content on disk has modification time of '2025-12-27T05:26:38.7137167Z'
  ERROR: Build asset version error: assets/script/gamemanager.cs in SourceAssetDB has modification time of '2025-12-27T05:26:34.6231953Z' while content on disk has modification time of '2025-12-27T05:26:38.7137167Z'
Number of updated asset objects reloaded before import = 0Number of asset objects unloaded after import = 0

========================================================================
Received Import Request.
  Time since last request: 0.000020 seconds.
  path: Assets/Script/GameManager.cs
  artifactKey: Guid(a4a3d2672be09184f87ddd8d5a369e1f) Importer(815301076,1909f56bfc062723c751e8b465ee728b)
Start importing Assets/Script/GameManager.cs using Guid(a4a3d2672be09184f87ddd8d5a369e1f) Importer(815301076,1909f56bfc062723c751e8b465ee728b) (PreviewImporter) -> (artifact id: '00000000000000000000000000000000') in 0.0004396 seconds
Import Error Code:(4)
Message: Build asset version error: assets/script/gamemanager.cs in SourceAssetDB has modification time of '2025-12-27T05:26:34.6231953Z' while content on disk has modification time of '2025-12-27T05:26:38.7137167Z'
  ERROR: Build asset version error: assets/script/gamemanager.cs in SourceAssetDB has modification time of '2025-12-27T05:26:34.6231953Z' while content on disk has modification time of '2025-12-27T05:26:38.7137167Z'
Number of updated asset objects reloaded before import = 0Number of asset objects unloaded after import = 0

========================================================================
Received Import Request.
  Time since last request: 0.000013 seconds.
  path: Assets/Script/GameManager.cs
  artifactKey: Guid(a4a3d2672be09184f87ddd8d5a369e1f) Importer(815301076,1909f56bfc062723c751e8b465ee728b)
Start importing Assets/Script/GameManager.cs using Guid(a4a3d2672be09184f87ddd8d5a369e1f) Importer(815301076,1909f56bfc062723c751e8b465ee728b) (PreviewImporter) -> (artifact id: '00000000000000000000000000000000') in 0.0004448 seconds
Import Error Code:(4)
Message: Build asset version error: assets/script/gamemanager.cs in SourceAssetDB has modification time of '2025-12-27T05:26:34.6231953Z' while content on disk has modification time of '2025-12-27T05:26:38.7137167Z'
  ERROR: Build asset version error: assets/script/gamemanager.cs in SourceAssetDB has modification time of '2025-12-27T05:26:34.6231953Z' while content on disk has modification time of '2025-12-27T05:26:38.7137167Z'
Number of updated asset objects reloaded before import = 0Number of asset objects unloaded after import = 0

========================================================================
Received Import Request.
  Time since last request: 0.000014 seconds.
  path: Assets/Script/GameManager.cs
  artifactKey: Guid(a4a3d2672be09184f87ddd8d5a369e1f) Importer(815301076,1909f56bfc062723c751e8b465ee728b)
Start importing Assets/Script/GameManager.cs using Guid(a4a3d2672be09184f87ddd8d5a369e1f) Importer(815301076,1909f56bfc062723c751e8b465ee728b) (PreviewImporter) -> (artifact id: '00000000000000000000000000000000') in 0.0005801 seconds
Import Error Code:(4)
Message: Build asset version error: assets/script/gamemanager.cs in SourceAssetDB has modification time of '2025-12-27T05:26:34.6231953Z' while content on disk has modification time of '2025-12-27T05:26:38.7137167Z'
  ERROR: Build asset version error: assets/script/gamemanager.cs in SourceAssetDB has modification time of '2025-12-27T05:26:34.6231953Z' while content on disk has modification time of '2025-12-27T05:26:38.7137167Z'
Number of updated asset objects reloaded before import = 0Number of asset objects unloaded after import = 0

========================================================================
Received Import Request.
  Time since last request: 0.000015 seconds.
  path: Assets/Script/GameManager.cs
  artifactKey: Guid(a4a3d2672be09184f87ddd8d5a369e1f) Importer(815301076,1909f56bfc062723c751e8b465ee728b)
Start importing Assets/Script/GameManager.cs using Guid(a4a3d2672be09184f87ddd8d5a369e1f) Importer(815301076,1909f56bfc062723c751e8b465ee728b) (PreviewImporter) -> (artifact id: '00000000000000000000000000000000') in 0.0004357 seconds
Import Error Code:(4)
Message: Build asset version error: assets/script/gamemanager.cs in SourceAssetDB has modification time of '2025-12-27T05:26:34.6231953Z' while content on disk has modification time of '2025-12-27T05:26:38.7137167Z'
  ERROR: Build asset version error: assets/script/gamemanager.cs in SourceAssetDB has modification time of '2025-12-27T05:26:34.6231953Z' while content on disk has modification time of '2025-12-27T05:26:38.7137167Z'
Number of updated asset objects reloaded before import = 0Number of asset objects unloaded after import = 0

========================================================================
Received Import Request.
  Time since last request: 0.000013 seconds.
  path: Assets/Script/GameManager.cs
  artifactKey: Guid(a4a3d2672be09184f87ddd8d5a369e1f) Importer(815301076,1909f56bfc062723c751e8b465ee728b)
Start importing Assets/Script/GameManager.cs using Guid(a4a3d2672be09184f87ddd8d5a369e1f) Importer(815301076,1909f56bfc062723c751e8b465ee728b) (PreviewImporter) -> (artifact id: '00000000000000000000000000000000') in 0.0004287 seconds
Import Error Code:(4)
Message: Build asset version error: assets/script/gamemanager.cs in SourceAssetDB has modification time of '2025-12-27T05:26:34.6231953Z' while content on disk has modification time of '2025-12-27T05:26:38.7137167Z'
  ERROR: Build asset version error: assets/script/gamemanager.cs in SourceAssetDB has modification time of '2025-12-27T05:26:34.6231953Z' while content on disk has modification time of '2025-12-27T05:26:38.7137167Z'
Number of updated asset objects reloaded before import = 0Number of asset objects unloaded after import = 0

========================================================================
Received Import Request.
  Time since last request: 0.000013 seconds.
  path: Assets/Script/GameManager.cs
  artifactKey: Guid(a4a3d2672be09184f87ddd8d5a369e1f) Importer(815301076,1909f56bfc062723c751e8b465ee728b)
Start importing Assets/Script/GameManager.cs using Guid(a4a3d2672be09184f87ddd8d5a369e1f) Importer(815301076,1909f56bfc062723c751e8b465ee728b) (PreviewImporter) -> (artifact id: '00000000000000000000000000000000') in 0.0006528 seconds
Import Error Code:(4)
Message: Build asset version error: assets/script/gamemanager.cs in SourceAssetDB has modification time of '2025-12-27T05:26:34.6231953Z' while content on disk has modification time of '2025-12-27T05:26:38.7137167Z'
  ERROR: Build asset version error: assets/script/gamemanager.cs in SourceAssetDB has modification time of '2025-12-27T05:26:34.6231953Z' while content on disk has modification time of '2025-12-27T05:26:38.7137167Z'
Number of updated asset objects reloaded before import = 0Number of asset objects unloaded after import = 0

========================================================================
Received Import Request.
  Time since last request: 0.000014 seconds.
  path: Assets/Script/GameManager.cs
  artifactKey: Guid(a4a3d2672be09184f87ddd8d5a369e1f) Importer(815301076,1909f56bfc062723c751e8b465ee728b)
Start importing Assets/Script/GameManager.cs using Guid(a4a3d2672be09184f87ddd8d5a369e1f) Importer(815301076,1909f56bfc062723c751e8b465ee728b) (PreviewImporter) -> (artifact id: '00000000000000000000000000000000') in 0.0004517 seconds
Import Error Code:(4)
Message: Build asset version error: assets/script/gamemanager.cs in SourceAssetDB has modification time of '2025-12-27T05:26:34.6231953Z' while content on disk has modification time of '2025-12-27T05:26:38.7137167Z'
  ERROR: Build asset version error: assets/script/gamemanager.cs in SourceAssetDB has modification time of '2025-12-27T05:26:34.6231953Z' while content on disk has modification time of '2025-12-27T05:26:38.7137167Z'
Number of updated asset objects reloaded before import = 0Number of asset objects unloaded after import = 0

========================================================================
Received Import Request.
  Time since last request: 0.000022 seconds.
  path: Assets/Script/GameManager.cs
  artifactKey: Guid(a4a3d2672be09184f87ddd8d5a369e1f) Importer(815301076,1909f56bfc062723c751e8b465ee728b)
Start importing Assets/Script/GameManager.cs using Guid(a4a3d2672be09184f87ddd8d5a369e1f) Importer(815301076,1909f56bfc062723c751e8b465ee728b) (PreviewImporter) -> (artifact id: '00000000000000000000000000000000') in 0.0004124 seconds
Import Error Code:(4)
Message: Build asset version error: assets/script/gamemanager.cs in SourceAssetDB has modification time of '2025-12-27T05:26:34.6231953Z' while content on disk has modification time of '2025-12-27T05:26:38.7137167Z'
  ERROR: Build asset version error: assets/script/gamemanager.cs in SourceAssetDB has modification time of '2025-12-27T05:26:34.6231953Z' while content on disk has modification time of '2025-12-27T05:26:38.7137167Z'
Number of updated asset objects reloaded before import = 0Number of asset objects unloaded after import = 0

========================================================================
Received Import Request.
  Time since last request: 0.000013 seconds.
  path: Assets/Script/GameManager.cs
  artifactKey: Guid(a4a3d2672be09184f87ddd8d5a369e1f) Importer(815301076,1909f56bfc062723c751e8b465ee728b)
Start importing Assets/Script/GameManager.cs using Guid(a4a3d2672be09184f87ddd8d5a369e1f) Importer(815301076,1909f56bfc062723c751e8b465ee728b) (PreviewImporter) -> (artifact id: '00000000000000000000000000000000') in 0.0005061 seconds
Import Error Code:(4)
Message: Build asset version error: assets/script/gamemanager.cs in SourceAssetDB has modification time of '2025-12-27T05:26:34.6231953Z' while content on disk has modification time of '2025-12-27T05:26:38.7137167Z'
  ERROR: Build asset version error: assets/script/gamemanager.cs in SourceAssetDB has modification time of '2025-12-27T05:26:34.6231953Z' while content on disk has modification time of '2025-12-27T05:26:38.7137167Z'
Number of updated asset objects reloaded before import = 0Number of asset objects unloaded after import = 0

========================================================================
Received Import Request.
  Time since last request: 0.000012 seconds.
  path: Assets/Script/GameManager.cs
  artifactKey: Guid(a4a3d2672be09184f87ddd8d5a369e1f) Importer(815301076,1909f56bfc062723c751e8b465ee728b)
Start importing Assets/Script/GameManager.cs using Guid(a4a3d2672be09184f87ddd8d5a369e1f) Importer(815301076,1909f56bfc062723c751e8b465ee728b) (PreviewImporter) -> (artifact id: '00000000000000000000000000000000') in 0.0005218 seconds
Import Error Code:(4)
Message: Build asset version error: assets/script/gamemanager.cs in SourceAssetDB has modification time of '2025-12-27T05:26:34.6231953Z' while content on disk has modification time of '2025-12-27T05:26:38.7137167Z'
  ERROR: Build asset version error: assets/script/gamemanager.cs in SourceAssetDB has modification time of '2025-12-27T05:26:34.6231953Z' while content on disk has modification time of '2025-12-27T05:26:38.7137167Z'
Number of updated asset objects reloaded before import = 0Number of asset objects unloaded after import = 0

========================================================================
Received Import Request.
  Time since last request: 0.000015 seconds.
  path: Assets/Script/GameManager.cs
  artifactKey: Guid(a4a3d2672be09184f87ddd8d5a369e1f) Importer(815301076,1909f56bfc062723c751e8b465ee728b)
Start importing Assets/Script/GameManager.cs using Guid(a4a3d2672be09184f87ddd8d5a369e1f) Importer(815301076,1909f56bfc062723c751e8b465ee728b) (PreviewImporter) -> (artifact id: '00000000000000000000000000000000') in 0.0004005 seconds
Import Error Code:(4)
Message: Build asset version error: assets/script/gamemanager.cs in SourceAssetDB has modification time of '2025-12-27T05:26:34.6231953Z' while content on disk has modification time of '2025-12-27T05:26:38.7137167Z'
  ERROR: Build asset version error: assets/script/gamemanager.cs in SourceAssetDB has modification time of '2025-12-27T05:26:34.6231953Z' while content on disk has modification time of '2025-12-27T05:26:38.7137167Z'
Number of updated asset objects reloaded before import = 0Number of asset objects unloaded after import = 0

========================================================================
Received Import Request.
  Time since last request: 0.000012 seconds.
  path: Assets/Script/GameManager.cs
  artifactKey: Guid(a4a3d2672be09184f87ddd8d5a369e1f) Importer(815301076,1909f56bfc062723c751e8b465ee728b)
Start importing Assets/Script/GameManager.cs using Guid(a4a3d2672be09184f87ddd8d5a369e1f) Importer(815301076,1909f56bfc062723c751e8b465ee728b) (PreviewImporter) -> (artifact id: '00000000000000000000000000000000') in 0.0004853 seconds
Import Error Code:(4)
Message: Build asset version error: assets/script/gamemanager.cs in SourceAssetDB has modification time of '2025-12-27T05:26:34.6231953Z' while content on disk has modification time of '2025-12-27T05:26:38.7137167Z'
  ERROR: Build asset version error: assets/script/gamemanager.cs in SourceAssetDB has modification time of '2025-12-27T05:26:34.6231953Z' while content on disk has modification time of '2025-12-27T05:26:38.7137167Z'
Number of updated asset objects reloaded before import = 0Number of asset objects unloaded after import = 0

========================================================================
Received Import Request.
  Time since last request: 0.000015 seconds.
  path: Assets/Script/GameManager.cs
  artifactKey: Guid(a4a3d2672be09184f87ddd8d5a369e1f) Importer(815301076,1909f56bfc062723c751e8b465ee728b)
Start importing Assets/Script/GameManager.cs using Guid(a4a3d2672be09184f87ddd8d5a369e1f) Importer(815301076,1909f56bfc062723c751e8b465ee728b) (PreviewImporter) -> (artifact id: '00000000000000000000000000000000') in 0.0004097 seconds
Import Error Code:(4)
Message: Build asset version error: assets/script/gamemanager.cs in SourceAssetDB has modification time of '2025-12-27T05:26:34.6231953Z' while content on disk has modification time of '2025-12-27T05:26:38.7137167Z'
  ERROR: Build asset version error: assets/script/gamemanager.cs in SourceAssetDB has modification time of '2025-12-27T05:26:34.6231953Z' while content on disk has modification time of '2025-12-27T05:26:38.7137167Z'
Number of updated asset objects reloaded before import = 0Number of asset objects unloaded after import = 0

========================================================================
Received Import Request.
  Time since last request: 0.000013 seconds.
  path: Assets/Script/GameManager.cs
  artifactKey: Guid(a4a3d2672be09184f87ddd8d5a369e1f) Importer(815301076,1909f56bfc062723c751e8b465ee728b)
Start importing Assets/Script/GameManager.cs using Guid(a4a3d2672be09184f87ddd8d5a369e1f) Importer(815301076,1909f56bfc062723c751e8b465ee728b) (PreviewImporter) -> (artifact id: '00000000000000000000000000000000') in 0.0003863 seconds
Import Error Code:(4)
Message: Build asset version error: assets/script/gamemanager.cs in SourceAssetDB has modification time of '2025-12-27T05:26:34.6231953Z' while content on disk has modification time of '2025-12-27T05:26:38.7137167Z'
  ERROR: Build asset version error: assets/script/gamemanager.cs in SourceAssetDB has modification time of '2025-12-27T05:26:34.6231953Z' while content on disk has modification time of '2025-12-27T05:26:38.7137167Z'
Number of updated asset objects reloaded before import = 0Number of asset objects unloaded after import = 0

========================================================================
Received Import Request.
  Time since last request: 0.000018 seconds.
  path: Assets/Script/GameManager.cs
  artifactKey: Guid(a4a3d2672be09184f87ddd8d5a369e1f) Importer(815301076,1909f56bfc062723c751e8b465ee728b)
Start importing Assets/Script/GameManager.cs using Guid(a4a3d2672be09184f87ddd8d5a369e1f) Importer(815301076,1909f56bfc062723c751e8b465ee728b) (PreviewImporter) -> (artifact id: '00000000000000000000000000000000') in 0.0004034 seconds
Import Error Code:(4)
Message: Build asset version error: assets/script/gamemanager.cs in SourceAssetDB has modification time of '2025-12-27T05:26:34.6231953Z' while content on disk has modification time of '2025-12-27T05:26:38.7137167Z'
  ERROR: Build asset version error: assets/script/gamemanager.cs in SourceAssetDB has modification time of '2025-12-27T05:26:34.6231953Z' while content on disk has modification time of '2025-12-27T05:26:38.7137167Z'
Number of updated asset objects reloaded before import = 0Number of asset objects unloaded after import = 0

========================================================================
Received Import Request.
  Time since last request: 0.000032 seconds.
  path: Assets/Script/GameManager.cs
  artifactKey: Guid(a4a3d2672be09184f87ddd8d5a369e1f) Importer(815301076,1909f56bfc062723c751e8b465ee728b)
Start importing Assets/Script/GameManager.cs using Guid(a4a3d2672be09184f87ddd8d5a369e1f) Importer(815301076,1909f56bfc062723c751e8b465ee728b) (PreviewImporter) -> (artifact id: '00000000000000000000000000000000') in 0.0006237 seconds
Import Error Code:(4)
Message: Build asset version error: assets/script/gamemanager.cs in SourceAssetDB has modification time of '2025-12-27T05:26:34.6231953Z' while content on disk has modification time of '2025-12-27T05:26:38.7137167Z'
  ERROR: Build asset version error: assets/script/gamemanager.cs in SourceAssetDB has modification time of '2025-12-27T05:26:34.6231953Z' while content on disk has modification time of '2025-12-27T05:26:38.7137167Z'
Number of updated asset objects reloaded before import = 0Number of asset objects unloaded after import = 0

========================================================================
Received Import Request.
  Time since last request: 0.000013 seconds.
  path: Assets/Script/GameManager.cs
  artifactKey: Guid(a4a3d2672be09184f87ddd8d5a369e1f) Importer(815301076,1909f56bfc062723c751e8b465ee728b)
Start importing Assets/Script/GameManager.cs using Guid(a4a3d2672be09184f87ddd8d5a369e1f) Importer(815301076,1909f56bfc062723c751e8b465ee728b) (PreviewImporter) -> (artifact id: '00000000000000000000000000000000') in 0.0003833 seconds
Import Error Code:(4)
Message: Build asset version error: assets/script/gamemanager.cs in SourceAssetDB has modification time of '2025-12-27T05:26:34.6231953Z' while content on disk has modification time of '2025-12-27T05:26:38.7137167Z'
  ERROR: Build asset version error: assets/script/gamemanager.cs in SourceAssetDB has modification time of '2025-12-27T05:26:34.6231953Z' while content on disk has modification time of '2025-12-27T05:26:38.7137167Z'
Number of updated asset objects reloaded before import = 0Number of asset objects unloaded after import = 0

========================================================================
Received Import Request.
  Time since last request: 0.000013 seconds.
  path: Assets/Script/GameManager.cs
  artifactKey: Guid(a4a3d2672be09184f87ddd8d5a369e1f) Importer(815301076,1909f56bfc062723c751e8b465ee728b)
Start importing Assets/Script/GameManager.cs using Guid(a4a3d2672be09184f87ddd8d5a369e1f) Importer(815301076,1909f56bfc062723c751e8b465ee728b) (PreviewImporter) -> (artifact id: '00000000000000000000000000000000') in 0.0004301 seconds
Import Error Code:(4)
Message: Build asset version error: assets/script/gamemanager.cs in SourceAssetDB has modification time of '2025-12-27T05:26:34.6231953Z' while content on disk has modification time of '2025-12-27T05:26:38.7137167Z'
  ERROR: Build asset version error: assets/script/gamemanager.cs in SourceAssetDB has modification time of '2025-12-27T05:26:34.6231953Z' while content on disk has modification time of '2025-12-27T05:26:38.7137167Z'
Number of updated asset objects reloaded before import = 0Number of asset objects unloaded after import = 0

========================================================================
Received Import Request.
  Time since last request: 0.000011 seconds.
  path: Assets/Script/GameManager.cs
  artifactKey: Guid(a4a3d2672be09184f87ddd8d5a369e1f) Importer(815301076,1909f56bfc062723c751e8b465ee728b)
Start importing Assets/Script/GameManager.cs using Guid(a4a3d2672be09184f87ddd8d5a369e1f) Importer(815301076,1909f56bfc062723c751e8b465ee728b) (PreviewImporter) -> (artifact id: '00000000000000000000000000000000') in 0.0003964 seconds
Import Error Code:(4)
Message: Build asset version error: assets/script/gamemanager.cs in SourceAssetDB has modification time of '2025-12-27T05:26:34.6231953Z' while content on disk has modification time of '2025-12-27T05:26:38.7137167Z'
  ERROR: Build asset version error: assets/script/gamemanager.cs in SourceAssetDB has modification time of '2025-12-27T05:26:34.6231953Z' while content on disk has modification time of '2025-12-27T05:26:38.7137167Z'
Number of updated asset objects reloaded before import = 0Number of asset objects unloaded after import = 0

========================================================================
Received Import Request.
  Time since last request: 0.000013 seconds.
  path: Assets/Script/GameManager.cs
  artifactKey: Guid(a4a3d2672be09184f87ddd8d5a369e1f) Importer(815301076,1909f56bfc062723c751e8b465ee728b)
Start importing Assets/Script/GameManager.cs using Guid(a4a3d2672be09184f87ddd8d5a369e1f) Importer(815301076,1909f56bfc062723c751e8b465ee728b) (PreviewImporter) -> (artifact id: '00000000000000000000000000000000') in 0.0003847 seconds
Import Error Code:(4)
Message: Build asset version error: assets/script/gamemanager.cs in SourceAssetDB has modification time of '2025-12-27T05:26:34.6231953Z' while content on disk has modification time of '2025-12-27T05:26:38.7137167Z'
  ERROR: Build asset version error: assets/script/gamemanager.cs in SourceAssetDB has modification time of '2025-12-27T05:26:34.6231953Z' while content on disk has modification time of '2025-12-27T05:26:38.7137167Z'
Number of updated asset objects reloaded before import = 0Number of asset objects unloaded after import = 0

========================================================================
Received Import Request.
  Time since last request: 0.000013 seconds.
  path: Assets/Script/GameManager.cs
  artifactKey: Guid(a4a3d2672be09184f87ddd8d5a369e1f) Importer(815301076,1909f56bfc062723c751e8b465ee728b)
Start importing Assets/Script/GameManager.cs using Guid(a4a3d2672be09184f87ddd8d5a369e1f) Importer(815301076,1909f56bfc062723c751e8b465ee728b) (PreviewImporter) -> (artifact id: '00000000000000000000000000000000') in 0.0003825 seconds
Import Error Code:(4)
Message: Build asset version error: assets/script/gamemanager.cs in SourceAssetDB has modification time of '2025-12-27T05:26:34.6231953Z' while content on disk has modification time of '2025-12-27T05:26:38.7137167Z'
  ERROR: Build asset version error: assets/script/gamemanager.cs in SourceAssetDB has modification time of '2025-12-27T05:26:34.6231953Z' while content on disk has modification time of '2025-12-27T05:26:38.7137167Z'
Number of updated asset objects reloaded before import = 0Number of asset objects unloaded after import = 0

========================================================================
Received Import Request.
  Time since last request: 0.000013 seconds.
  path: Assets/Script/GameManager.cs
  artifactKey: Guid(a4a3d2672be09184f87ddd8d5a369e1f) Importer(815301076,1909f56bfc062723c751e8b465ee728b)
Start importing Assets/Script/GameManager.cs using Guid(a4a3d2672be09184f87ddd8d5a369e1f) Importer(815301076,1909f56bfc062723c751e8b465ee728b) (PreviewImporter) -> (artifact id: '00000000000000000000000000000000') in 0.0003847 seconds
Import Error Code:(4)
Message: Build asset version error: assets/script/gamemanager.cs in SourceAssetDB has modification time of '2025-12-27T05:26:34.6231953Z' while content on disk has modification time of '2025-12-27T05:26:38.7137167Z'
  ERROR: Build asset version error: assets/script/gamemanager.cs in SourceAssetDB has modification time of '2025-12-27T05:26:34.6231953Z' while content on disk has modification time of '2025-12-27T05:26:38.7137167Z'
Number of updated asset objects reloaded before import = 0Number of asset objects unloaded after import = 0

========================================================================
Received Import Request.
  Time since last request: 0.000013 seconds.
  path: Assets/Script/GameManager.cs
  artifactKey: Guid(a4a3d2672be09184f87ddd8d5a369e1f) Importer(815301076,1909f56bfc062723c751e8b465ee728b)
Start importing Assets/Script/GameManager.cs using Guid(a4a3d2672be09184f87ddd8d5a369e1f) Importer(815301076,1909f56bfc062723c751e8b465ee728b) (PreviewImporter) -> (artifact id: '00000000000000000000000000000000') in 0.0004735 seconds
Import Error Code:(4)
Message: Build asset version error: assets/script/gamemanager.cs in SourceAssetDB has modification time of '2025-12-27T05:26:34.6231953Z' while content on disk has modification time of '2025-12-27T05:26:38.7137167Z'
  ERROR: Build asset version error: assets/script/gamemanager.cs in SourceAssetDB has modification time of '2025-12-27T05:26:34.6231953Z' while content on disk has modification time of '2025-12-27T05:26:38.7137167Z'
Number of updated asset objects reloaded before import = 0Number of asset objects unloaded after import = 0

========================================================================
Received Import Request.
  Time since last request: 0.000014 seconds.
  path: Assets/Script/GameManager.cs
  artifactKey: Guid(a4a3d2672be09184f87ddd8d5a369e1f) Importer(815301076,1909f56bfc062723c751e8b465ee728b)
Start importing Assets/Script/GameManager.cs using Guid(a4a3d2672be09184f87ddd8d5a369e1f) Importer(815301076,1909f56bfc062723c751e8b465ee728b) (PreviewImporter) -> (artifact id: '00000000000000000000000000000000') in 0.0003872 seconds
Import Error Code:(4)
Message: Build asset version error: assets/script/gamemanager.cs in SourceAssetDB has modification time of '2025-12-27T05:26:34.6231953Z' while content on disk has modification time of '2025-12-27T05:26:38.7137167Z'
  ERROR: Build asset version error: assets/script/gamemanager.cs in SourceAssetDB has modification time of '2025-12-27T05:26:34.6231953Z' while content on disk has modification time of '2025-12-27T05:26:38.7137167Z'
Number of updated asset objects reloaded before import = 0Number of asset objects unloaded after import = 0

========================================================================
Received Prepare
Begin MonoManager ReloadAssembly
- Loaded All Assemblies, in  0.660 seconds
Refreshing native plugins compatible for Editor in 0.81 ms, found 3 plugins.
Native extension for UWP target not found
Native extension for WindowsStandalone target not found
[Package Manager] Failed to launch server process. Reason: Unity was launched with the -noUpm command-line argument
[Package Manager] Unable to send message (not connected to server process).
[Package Manager] Cannot connect to Unity Package Manager local server
Mono: successfully reloaded assembly
- Finished resetting the current domain, in  0.815 seconds
Domain Reload Profiling: 1476ms
	BeginReloadAssembly (199ms)
		ExecutionOrderSort (0ms)
		DisableScriptedObjects (9ms)
		BackupInstance (0ms)
		ReleaseScriptingObjects (0ms)
		CreateAndSetChildDomain (49ms)
	RebuildCommonClasses (32ms)
	RebuildNativeTypeToScriptingClass (13ms)
	initialDomainReloadingComplete (23ms)
	LoadAllAssembliesAndSetupDomain (394ms)
		LoadAssemblies (306ms)
		RebuildTransferFunctionScriptingTraits (0ms)
		AnalyzeDomain (178ms)
			TypeCache.Refresh (9ms)
				TypeCache.ScanAssembly (0ms)
			BuildScriptInfoCaches (156ms)
			ResolveRequiredComponents (9ms)
	FinalizeReload (815ms)
		ReleaseScriptCaches (0ms)
		RebuildScriptCaches (0ms)
		SetupLoadedEditorAssemblies (669ms)
			LogAssemblyErrors (0ms)
			InitializePlatformSupportModulesInManaged (12ms)
			SetLoadedEditorAssemblies (7ms)
			BeforeProcessingInitializeOnLoad (146ms)
			ProcessInitializeOnLoadAttributes (459ms)
			ProcessInitializeOnLoadMethodAttributes (42ms)
			AfterProcessingInitializeOnLoad (2ms)
			EditorAssembliesLoaded (0ms)
		ExecutionOrderSort2 (0ms)
		AwakeInstancesAfterBackupRestoration (14ms)
Refreshing native plugins compatible for Editor in 1.04 ms, found 3 plugins.
Preloading 0 native plugins for Editor in 0.00 ms.
Unloading 13 Unused Serialized files (Serialized files now loaded: 0)
Unloading 6124 unused Assets / (4.0 MB). Loaded Objects now: 6868.
Memory consumption went from 142.6 MB to 138.6 MB.
Total: 16.251200 ms (FindLiveObjects: 0.713200 ms CreateObjectMapping: 2.276500 ms MarkObjects: 10.067400 ms  DeleteObjects: 3.192800 ms)

Prepare: number of updated asset objects reloaded= 0
========================================================================
Received Prepare
Refreshing native plugins compatible for Editor in 0.72 ms, found 3 plugins.
Preloading 0 native plugins for Editor in 0.00 ms.
Unloading 13 Unused Serialized files (Serialized files now loaded: 0)
Unloading 6119 unused Assets / (4.4 MB). Loaded Objects now: 6869.
Memory consumption went from 142.8 MB to 138.4 MB.
Total: 8.471600 ms (FindLiveObjects: 0.577700 ms CreateObjectMapping: 0.814200 ms MarkObjects: 4.650900 ms  DeleteObjects: 2.427600 ms)

Prepare: number of updated asset objects reloaded= 0
========================================================================
Received Import Request.
  Time since last request: 7.864385 seconds.
  path: Assets/Script/FlowerObject.cs
  artifactKey: Guid(5298fe7effb8ec34382ede3fdebd9312) Importer(2089858483,192608db42251d675da83286b1cce702)
Start importing Assets/Script/FlowerObject.cs using Guid(5298fe7effb8ec34382ede3fdebd9312) Importer(2089858483,192608db42251d675da83286b1cce702) (ScriptedImporter) -> (artifact id: '4ff30fbf7b6de6bb339c8880ee1edce1') in 0.1533919 seconds
Number of updated asset objects reloaded before import = 0Number of asset objects unloaded after import = 0

========================================================================
Received Prepare
Begin MonoManager ReloadAssembly
- Loaded All Assemblies, in  0.733 seconds
Refreshing native plugins compatible for Editor in 0.82 ms, found 3 plugins.
Native extension for UWP target not found
Native extension for WindowsStandalone target not found
[Package Manager] Failed to launch server process. Reason: Unity was launched with the -noUpm command-line argument
[Package Manager] Unable to send message (not connected to server process).
[Package Manager] Cannot connect to Unity Package Manager local server
Mono: successfully reloaded assembly
- Finished resetting the current domain, in  1.078 seconds
Domain Reload Profiling: 1816ms
	BeginReloadAssembly (247ms)
		ExecutionOrderSort (0ms)
		DisableScriptedObjects (5ms)
		BackupInstance (0ms)
		ReleaseScriptingObjects (0ms)
		CreateAndSetChildDomain (81ms)
	RebuildCommonClasses (43ms)
	RebuildNativeTypeToScriptingClass (12ms)
	initialDomainReloadingComplete (22ms)
	LoadAllAssembliesAndSetupDomain (413ms)
		LoadAssemblies (329ms)
		RebuildTransferFunctionScriptingTraits (0ms)
		AnalyzeDomain (188ms)
			TypeCache.Refresh (10ms)
				TypeCache.ScanAssembly (0ms)
			BuildScriptInfoCaches (158ms)
			ResolveRequiredComponents (15ms)
	FinalizeReload (1079ms)
		ReleaseScriptCaches (0ms)
		RebuildScriptCaches (0ms)
		SetupLoadedEditorAssemblies (825ms)
			LogAssemblyErrors (0ms)
			InitializePlatformSupportModulesInManaged (21ms)
			SetLoadedEditorAssemblies (8ms)
			BeforeProcessingInitializeOnLoad (173ms)
			ProcessInitializeOnLoadAttributes (565ms)
			ProcessInitializeOnLoadMethodAttributes (56ms)
			AfterProcessingInitializeOnLoad (2ms)
			EditorAssembliesLoaded (0ms)
		ExecutionOrderSort2 (0ms)
		AwakeInstancesAfterBackupRestoration (19ms)
Refreshing native plugins compatible for Editor in 1.35 ms, found 3 plugins.
Preloading 0 native plugins for Editor in 0.00 ms.
Unloading 13 Unused Serialized files (Serialized files now loaded: 0)
Unloading 6125 unused Assets / (3.9 MB). Loaded Objects now: 6872.
Memory consumption went from 142.6 MB to 138.7 MB.
Total: 12.860900 ms (FindLiveObjects: 0.858800 ms CreateObjectMapping: 0.978100 ms MarkObjects: 8.148300 ms  DeleteObjects: 2.874500 ms)

Prepare: number of updated asset objects reloaded= 0
========================================================================
Received Import Request.
  Time since last request: 6.349894 seconds.
  path: Assets/Script/FlowerObject.cs
  artifactKey: Guid(5298fe7effb8ec34382ede3fdebd9312) Importer(815301076,1909f56bfc062723c751e8b465ee728b)
Start importing Assets/Script/FlowerObject.cs using Guid(5298fe7effb8ec34382ede3fdebd9312) Importer(815301076,1909f56bfc062723c751e8b465ee728b) (PreviewImporter) -> (artifact id: '478fd64b94d58e0ac0764edac5d24ddd') in 0.0058628 seconds
Number of updated asset objects reloaded before import = 0Number of asset objects unloaded after import = 0

========================================================================
Received Prepare
Begin MonoManager ReloadAssembly
- Loaded All Assemblies, in  0.746 seconds
Refreshing native plugins compatible for Editor in 1.03 ms, found 3 plugins.
Native extension for UWP target not found
Native extension for WindowsStandalone target not found
[Package Manager] Failed to launch server process. Reason: Unity was launched with the -noUpm command-line argument
[Package Manager] Unable to send message (not connected to server process).
[Package Manager] Cannot connect to Unity Package Manager local server
Mono: successfully reloaded assembly
- Finished resetting the current domain, in  0.920 seconds
Domain Reload Profiling: 1670ms
	BeginReloadAssembly (241ms)
		ExecutionOrderSort (0ms)
		DisableScriptedObjects (7ms)
		BackupInstance (0ms)
		ReleaseScriptingObjects (0ms)
		CreateAndSetChildDomain (64ms)
	RebuildCommonClasses (35ms)
	RebuildNativeTypeToScriptingClass (14ms)
	initialDomainReloadingComplete (32ms)
	LoadAllAssembliesAndSetupDomain (428ms)
		LoadAssemblies (355ms)
		RebuildTransferFunctionScriptingTraits (0ms)
		AnalyzeDomain (187ms)
			TypeCache.Refresh (11ms)
				TypeCache.ScanAssembly (0ms)
			BuildScriptInfoCaches (162ms)
			ResolveRequiredComponents (10ms)
	FinalizeReload (921ms)
		ReleaseScriptCaches (0ms)
		RebuildScriptCaches (0ms)
		SetupLoadedEditorAssemblies (764ms)
			LogAssemblyErrors (0ms)
			InitializePlatformSupportModulesInManaged (12ms)
			SetLoadedEditorAssemblies (8ms)
			BeforeProcessingInitializeOnLoad (155ms)
			ProcessInitializeOnLoadAttributes (537ms)
			ProcessInitializeOnLoadMethodAttributes (49ms)
			AfterProcessingInitializeOnLoad (3ms)
			EditorAssembliesLoaded (0ms)
		ExecutionOrderSort2 (0ms)
		AwakeInstancesAfterBackupRestoration (14ms)
Refreshing native plugins compatible for Editor in 0.80 ms, found 3 plugins.
Preloading 0 native plugins for Editor in 0.00 ms.
Unloading 13 Unused Serialized files (Serialized files now loaded: 0)
Unloading 6125 unused Assets / (4.2 MB). Loaded Objects now: 6875.
Memory consumption went from 142.7 MB to 138.5 MB.
Total: 8.242800 ms (FindLiveObjects: 0.879600 ms CreateObjectMapping: 0.730500 ms MarkObjects: 4.613200 ms  DeleteObjects: 2.018300 ms)

Prepare: number of updated asset objects reloaded= 0
========================================================================
Received Prepare
Refreshing native plugins compatible for Editor in 1.17 ms, found 3 plugins.
Preloading 0 native plugins for Editor in 0.00 ms.
Unloading 13 Unused Serialized files (Serialized files now loaded: 0)
Unloading 6120 unused Assets / (3.8 MB). Loaded Objects now: 6876.
Memory consumption went from 142.9 MB to 139.0 MB.
Total: 10.112300 ms (FindLiveObjects: 0.708900 ms CreateObjectMapping: 0.587300 ms MarkObjects: 6.229700 ms  DeleteObjects: 2.585100 ms)

Prepare: number of updated asset objects reloaded= 0
========================================================================
Received Import Request.
  Time since last request: 9.078834 seconds.
  path: Assets/Script/PlayerInteraction.cs
  artifactKey: Guid(30aad8ea5b4bb9744835ed349f416365) Importer(815301076,1909f56bfc062723c751e8b465ee728b)
Start importing Assets/Script/PlayerInteraction.cs using Guid(30aad8ea5b4bb9744835ed349f416365) Importer(815301076,1909f56bfc062723c751e8b465ee728b) (PreviewImporter) -> (artifact id: '3c9bdc85702a3d7cdd64a9e7a7910dea') in 0.0115395 seconds
Number of updated asset objects reloaded before import = 0Number of asset objects unloaded after import = 0

========================================================================
Received Import Request.
  Time since last request: 0.678225 seconds.
  path: Assets/Script/PlayerInteraction.cs
  artifactKey: Guid(30aad8ea5b4bb9744835ed349f416365) Importer(2089858483,192608db42251d675da83286b1cce702)
Start importing Assets/Script/PlayerInteraction.cs using Guid(30aad8ea5b4bb9744835ed349f416365) Importer(2089858483,192608db42251d675da83286b1cce702) (ScriptedImporter) -> (artifact id: 'fa4480149c01488e6efa93a7da3848ac') in 0.1626391 seconds
Number of updated asset objects reloaded before import = 0Number of asset objects unloaded after import = 0

========================================================================
Received Prepare
Begin MonoManager ReloadAssembly
[Licensing::Client] Successfully resolved entitlement details
- Loaded All Assemblies, in  0.706 seconds
Refreshing native plugins compatible for Editor in 0.86 ms, found 3 plugins.
Native extension for UWP target not found
Native extension for WindowsStandalone target not found
[Package Manager] Failed to launch server process. Reason: Unity was launched with the -noUpm command-line argument
[Package Manager] Unable to send message (not connected to server process).
[Package Manager] Cannot connect to Unity Package Manager local server
Mono: successfully reloaded assembly
- Finished resetting the current domain, in  0.972 seconds
Domain Reload Profiling: 1682ms
	BeginReloadAssembly (217ms)
		ExecutionOrderSort (0ms)
		DisableScriptedObjects (5ms)
		BackupInstance (0ms)
		ReleaseScriptingObjects (0ms)
		CreateAndSetChildDomain (67ms)
	RebuildCommonClasses (36ms)
	RebuildNativeTypeToScriptingClass (12ms)
	initialDomainReloadingComplete (24ms)
	LoadAllAssembliesAndSetupDomain (420ms)
		LoadAssemblies (336ms)
		RebuildTransferFunctionScriptingTraits (0ms)
		AnalyzeDomain (172ms)
			TypeCache.Refresh (10ms)
				TypeCache.ScanAssembly (0ms)
			BuildScriptInfoCaches (148ms)
			ResolveRequiredComponents (11ms)
	FinalizeReload (973ms)
		ReleaseScriptCaches (0ms)
		RebuildScriptCaches (0ms)
		SetupLoadedEditorAssemblies (798ms)
			LogAssemblyErrors (0ms)
			InitializePlatformSupportModulesInManaged (13ms)
			SetLoadedEditorAssemblies (7ms)
			BeforeProcessingInitializeOnLoad (174ms)
			ProcessInitializeOnLoadAttributes (545ms)
			ProcessInitializeOnLoadMethodAttributes (56ms)
			AfterProcessingInitializeOnLoad (2ms)
			EditorAssembliesLoaded (0ms)
		ExecutionOrderSort2 (0ms)
		AwakeInstancesAfterBackupRestoration (25ms)
Refreshing native plugins compatible for Editor in 0.99 ms, found 3 plugins.
Preloading 0 native plugins for Editor in 0.00 ms.
Unloading 13 Unused Serialized files (Serialized files now loaded: 0)
Unloading 6126 unused Assets / (3.7 MB). Loaded Objects now: 6879.
Memory consumption went from 142.7 MB to 139.0 MB.
Total: 14.265900 ms (FindLiveObjects: 0.893800 ms CreateObjectMapping: 1.765900 ms MarkObjects: 7.870500 ms  DeleteObjects: 3.734400 ms)

Prepare: number of updated asset objects reloaded= 0
========================================================================
Received Import Request.
  Time since last request: 6.160960 seconds.
  path: Assets/Script/PlayerInteraction.cs
  artifactKey: Guid(30aad8ea5b4bb9744835ed349f416365) Importer(815301076,1909f56bfc062723c751e8b465ee728b)
Start importing Assets/Script/PlayerInteraction.cs using Guid(30aad8ea5b4bb9744835ed349f416365) Importer(815301076,1909f56bfc062723c751e8b465ee728b) (PreviewImporter) -> (artifact id: '00000000000000000000000000000000') in 0.0067024 seconds
Import Error Code:(4)
Message: Build asset version error: assets/script/playerinteraction.cs in SourceAssetDB has modification time of '2025-12-27T05:27:09.6095281Z' while content on disk has modification time of '2025-12-27T05:27:16.3433491Z'
  ERROR: Build asset version error: assets/script/playerinteraction.cs in SourceAssetDB has modification time of '2025-12-27T05:27:09.6095281Z' while content on disk has modification time of '2025-12-27T05:27:16.3433491Z'
Number of updated asset objects reloaded before import = 0Number of asset objects unloaded after import = 0

========================================================================
Received Import Request.
  Time since last request: 0.000015 seconds.
  path: Assets/Script/PlayerInteraction.cs
  artifactKey: Guid(30aad8ea5b4bb9744835ed349f416365) Importer(815301076,1909f56bfc062723c751e8b465ee728b)
Start importing Assets/Script/PlayerInteraction.cs using Guid(30aad8ea5b4bb9744835ed349f416365) Importer(815301076,1909f56bfc062723c751e8b465ee728b) (PreviewImporter) -> (artifact id: '00000000000000000000000000000000') in 0.0004461 seconds
Import Error Code:(4)
Message: Build asset version error: assets/script/playerinteraction.cs in SourceAssetDB has modification time of '2025-12-27T05:27:09.6095281Z' while content on disk has modification time of '2025-12-27T05:27:16.3433491Z'
  ERROR: Build asset version error: assets/script/playerinteraction.cs in SourceAssetDB has modification time of '2025-12-27T05:27:09.6095281Z' while content on disk has modification time of '2025-12-27T05:27:16.3433491Z'
Number of updated asset objects reloaded before import = 0Number of asset objects unloaded after import = 0

========================================================================
Received Import Request.
  Time since last request: 0.000016 seconds.
  path: Assets/Script/PlayerInteraction.cs
  artifactKey: Guid(30aad8ea5b4bb9744835ed349f416365) Importer(815301076,1909f56bfc062723c751e8b465ee728b)
Start importing Assets/Script/PlayerInteraction.cs using Guid(30aad8ea5b4bb9744835ed349f416365) Importer(815301076,1909f56bfc062723c751e8b465ee728b) (PreviewImporter) -> (artifact id: '00000000000000000000000000000000') in 0.0004336 seconds
Import Error Code:(4)
Message: Build asset version error: assets/script/playerinteraction.cs in SourceAssetDB has modification time of '2025-12-27T05:27:09.6095281Z' while content on disk has modification time of '2025-12-27T05:27:16.3433491Z'
  ERROR: Build asset version error: assets/script/playerinteraction.cs in SourceAssetDB has modification time of '2025-12-27T05:27:09.6095281Z' while content on disk has modification time of '2025-12-27T05:27:16.3433491Z'
Number of updated asset objects reloaded before import = 0Number of asset objects unloaded after import = 0

========================================================================
Received Import Request.
  Time since last request: 0.000012 seconds.
  path: Assets/Script/PlayerInteraction.cs
  artifactKey: Guid(30aad8ea5b4bb9744835ed349f416365) Importer(815301076,1909f56bfc062723c751e8b465ee728b)
Start importing Assets/Script/PlayerInteraction.cs using Guid(30aad8ea5b4bb9744835ed349f416365) Importer(815301076,1909f56bfc062723c751e8b465ee728b) (PreviewImporter) -> (artifact id: '00000000000000000000000000000000') in 0.0003992 seconds
Import Error Code:(4)
Message: Build asset version error: assets/script/playerinteraction.cs in SourceAssetDB has modification time of '2025-12-27T05:27:09.6095281Z' while content on disk has modification time of '2025-12-27T05:27:16.3433491Z'
  ERROR: Build asset version error: assets/script/playerinteraction.cs in SourceAssetDB has modification time of '2025-12-27T05:27:09.6095281Z' while content on disk has modification time of '2025-12-27T05:27:16.3433491Z'
Number of updated asset objects reloaded before import = 0Number of asset objects unloaded after import = 0

========================================================================
Received Import Request.
  Time since last request: 0.000012 seconds.
  path: Assets/Script/PlayerInteraction.cs
  artifactKey: Guid(30aad8ea5b4bb9744835ed349f416365) Importer(815301076,1909f56bfc062723c751e8b465ee728b)
Start importing Assets/Script/PlayerInteraction.cs using Guid(30aad8ea5b4bb9744835ed349f416365) Importer(815301076,1909f56bfc062723c751e8b465ee728b) (PreviewImporter) -> (artifact id: '00000000000000000000000000000000') in 0.0006495 seconds
Import Error Code:(4)
Message: Build asset version error: assets/script/playerinteraction.cs in SourceAssetDB has modification time of '2025-12-27T05:27:09.6095281Z' while content on disk has modification time of '2025-12-27T05:27:16.3433491Z'
  ERROR: Build asset version error: assets/script/playerinteraction.cs in SourceAssetDB has modification time of '2025-12-27T05:27:09.6095281Z' while content on disk has modification time of '2025-12-27T05:27:16.3433491Z'
Number of updated asset objects reloaded before import = 0Number of asset objects unloaded after import = 0

========================================================================
Received Import Request.
  Time since last request: 0.000012 seconds.
  path: Assets/Script/PlayerInteraction.cs
  artifactKey: Guid(30aad8ea5b4bb9744835ed349f416365) Importer(815301076,1909f56bfc062723c751e8b465ee728b)
Start importing Assets/Script/PlayerInteraction.cs using Guid(30aad8ea5b4bb9744835ed349f416365) Importer(815301076,1909f56bfc062723c751e8b465ee728b) (PreviewImporter) -> (artifact id: '00000000000000000000000000000000') in 0.0007411 seconds
Import Error Code:(4)
Message: Build asset version error: assets/script/playerinteraction.cs in SourceAssetDB has modification time of '2025-12-27T05:27:09.6095281Z' while content on disk has modification time of '2025-12-27T05:27:16.3433491Z'
  ERROR: Build asset version error: assets/script/playerinteraction.cs in SourceAssetDB has modification time of '2025-12-27T05:27:09.6095281Z' while content on disk has modification time of '2025-12-27T05:27:16.3433491Z'
Number of updated asset objects reloaded before import = 0Number of asset objects unloaded after import = 0

========================================================================
Received Import Request.
  Time since last request: 0.000013 seconds.
  path: Assets/Script/PlayerInteraction.cs
  artifactKey: Guid(30aad8ea5b4bb9744835ed349f416365) Importer(815301076,1909f56bfc062723c751e8b465ee728b)
Start importing Assets/Script/PlayerInteraction.cs using Guid(30aad8ea5b4bb9744835ed349f416365) Importer(815301076,1909f56bfc062723c751e8b465ee728b) (PreviewImporter) -> (artifact id: '00000000000000000000000000000000') in 0.0004796 seconds
Import Error Code:(4)
Message: Build asset version error: assets/script/playerinteraction.cs in SourceAssetDB has modification time of '2025-12-27T05:27:09.6095281Z' while content on disk has modification time of '2025-12-27T05:27:16.3433491Z'
  ERROR: Build asset version error: assets/script/playerinteraction.cs in SourceAssetDB has modification time of '2025-12-27T05:27:09.6095281Z' while content on disk has modification time of '2025-12-27T05:27:16.3433491Z'
Number of updated asset objects reloaded before import = 0Number of asset objects unloaded after import = 0

========================================================================
Received Import Request.
  Time since last request: 0.000027 seconds.
  path: Assets/Script/PlayerInteraction.cs
  artifactKey: Guid(30aad8ea5b4bb9744835ed349f416365) Importer(815301076,1909f56bfc062723c751e8b465ee728b)
Start importing Assets/Script/PlayerInteraction.cs using Guid(30aad8ea5b4bb9744835ed349f416365) Importer(815301076,1909f56bfc062723c751e8b465ee728b) (PreviewImporter) -> (artifact id: '00000000000000000000000000000000') in 0.000411 seconds
Import Error Code:(4)
Message: Build asset version error: assets/script/playerinteraction.cs in SourceAssetDB has modification time of '2025-12-27T05:27:09.6095281Z' while content on disk has modification time of '2025-12-27T05:27:16.3433491Z'
  ERROR: Build asset version error: assets/script/playerinteraction.cs in SourceAssetDB has modification time of '2025-12-27T05:27:09.6095281Z' while content on disk has modification time of '2025-12-27T05:27:16.3433491Z'
Number of updated asset objects reloaded before import = 0Number of asset objects unloaded after import = 0

========================================================================
Received Import Request.
  Time since last request: 0.000021 seconds.
  path: Assets/Script/PlayerInteraction.cs
  artifactKey: Guid(30aad8ea5b4bb9744835ed349f416365) Importer(815301076,1909f56bfc062723c751e8b465ee728b)
Start importing Assets/Script/PlayerInteraction.cs using Guid(30aad8ea5b4bb9744835ed349f416365) Importer(815301076,1909f56bfc062723c751e8b465ee728b) (PreviewImporter) -> (artifact id: '00000000000000000000000000000000') in 0.0005172 seconds
Import Error Code:(4)
Message: Build asset version error: assets/script/playerinteraction.cs in SourceAssetDB has modification time of '2025-12-27T05:27:09.6095281Z' while content on disk has modification time of '2025-12-27T05:27:16.3433491Z'
  ERROR: Build asset version error: assets/script/playerinteraction.cs in SourceAssetDB has modification time of '2025-12-27T05:27:09.6095281Z' while content on disk has modification time of '2025-12-27T05:27:16.3433491Z'
Number of updated asset objects reloaded before import = 0Number of asset objects unloaded after import = 0

========================================================================
Received Import Request.
  Time since last request: 0.000013 seconds.
  path: Assets/Script/PlayerInteraction.cs
  artifactKey: Guid(30aad8ea5b4bb9744835ed349f416365) Importer(815301076,1909f56bfc062723c751e8b465ee728b)
Start importing Assets/Script/PlayerInteraction.cs using Guid(30aad8ea5b4bb9744835ed349f416365) Importer(815301076,1909f56bfc062723c751e8b465ee728b) (PreviewImporter) -> (artifact id: '00000000000000000000000000000000') in 0.0003856 seconds
Import Error Code:(4)
Message: Build asset version error: assets/script/playerinteraction.cs in SourceAssetDB has modification time of '2025-12-27T05:27:09.6095281Z' while content on disk has modification time of '2025-12-27T05:27:16.3433491Z'
  ERROR: Build asset version error: assets/script/playerinteraction.cs in SourceAssetDB has modification time of '2025-12-27T05:27:09.6095281Z' while content on disk has modification time of '2025-12-27T05:27:16.3433491Z'
Number of updated asset objects reloaded before import = 0Number of asset objects unloaded after import = 0

========================================================================
Received Import Request.
  Time since last request: 0.000013 seconds.
  path: Assets/Script/PlayerInteraction.cs
  artifactKey: Guid(30aad8ea5b4bb9744835ed349f416365) Importer(815301076,1909f56bfc062723c751e8b465ee728b)
Start importing Assets/Script/PlayerInteraction.cs using Guid(30aad8ea5b4bb9744835ed349f416365) Importer(815301076,1909f56bfc062723c751e8b465ee728b) (PreviewImporter) -> (artifact id: '00000000000000000000000000000000') in 0.0007102 seconds
Import Error Code:(4)
Message: Build asset version error: assets/script/playerinteraction.cs in SourceAssetDB has modification time of '2025-12-27T05:27:09.6095281Z' while content on disk has modification time of '2025-12-27T05:27:16.3433491Z'
  ERROR: Build asset version error: assets/script/playerinteraction.cs in SourceAssetDB has modification time of '2025-12-27T05:27:09.6095281Z' while content on disk has modification time of '2025-12-27T05:27:16.3433491Z'
Number of updated asset objects reloaded before import = 0Number of asset objects unloaded after import = 0

========================================================================
Received Import Request.
  Time since last request: 0.000012 seconds.
  path: Assets/Script/PlayerInteraction.cs
  artifactKey: Guid(30aad8ea5b4bb9744835ed349f416365) Importer(815301076,1909f56bfc062723c751e8b465ee728b)
Start importing Assets/Script/PlayerInteraction.cs using Guid(30aad8ea5b4bb9744835ed349f416365) Importer(815301076,1909f56bfc062723c751e8b465ee728b) (PreviewImporter) -> (artifact id: '00000000000000000000000000000000') in 0.0004186 seconds
Import Error Code:(4)
Message: Build asset version error: assets/script/playerinteraction.cs in SourceAssetDB has modification time of '2025-12-27T05:27:09.6095281Z' while content on disk has modification time of '2025-12-27T05:27:16.3433491Z'
  ERROR: Build asset version error: assets/script/playerinteraction.cs in SourceAssetDB has modification time of '2025-12-27T05:27:09.6095281Z' while content on disk has modification time of '2025-12-27T05:27:16.3433491Z'
Number of updated asset objects reloaded before import = 0Number of asset objects unloaded after import = 0

========================================================================
Received Import Request.
  Time since last request: 0.000012 seconds.
  path: Assets/Script/PlayerInteraction.cs
  artifactKey: Guid(30aad8ea5b4bb9744835ed349f416365) Importer(815301076,1909f56bfc062723c751e8b465ee728b)
Start importing Assets/Script/PlayerInteraction.cs using Guid(30aad8ea5b4bb9744835ed349f416365) Importer(815301076,1909f56bfc062723c751e8b465ee728b) (PreviewImporter) -> (artifact id: '00000000000000000000000000000000') in 0.0004628 seconds
Import Error Code:(4)
Message: Build asset version error: assets/script/playerinteraction.cs in SourceAssetDB has modification time of '2025-12-27T05:27:09.6095281Z' while content on disk has modification time of '2025-12-27T05:27:16.3433491Z'
  ERROR: Build asset version error: assets/script/playerinteraction.cs in SourceAssetDB has modification time of '2025-12-27T05:27:09.6095281Z' while content on disk has modification time of '2025-12-27T05:27:16.3433491Z'
Number of updated asset objects reloaded before import = 0Number of asset objects unloaded after import = 0

========================================================================
Received Import Request.
  Time since last request: 0.000016 seconds.
  path: Assets/Script/PlayerInteraction.cs
  artifactKey: Guid(30aad8ea5b4bb9744835ed349f416365) Importer(815301076,1909f56bfc062723c751e8b465ee728b)
Start importing Assets/Script/PlayerInteraction.cs using Guid(30aad8ea5b4bb9744835ed349f416365) Importer(815301076,1909f56bfc062723c751e8b465ee728b) (PreviewImporter) -> (artifact id: '00000000000000000000000000000000') in 0.0005304 seconds
Import Error Code:(4)
Message: Build asset version error: assets/script/playerinteraction.cs in SourceAssetDB has modification time of '2025-12-27T05:27:09.6095281Z' while content on disk has modification time of '2025-12-27T05:27:16.3433491Z'
  ERROR: Build asset version error: assets/script/playerinteraction.cs in SourceAssetDB has modification time of '2025-12-27T05:27:09.6095281Z' while content on disk has modification time of '2025-12-27T05:27:16.3433491Z'
Number of updated asset objects reloaded before import = 0Number of asset objects unloaded after import = 0

========================================================================
Received Prepare
Begin MonoManager ReloadAssembly
- Loaded All Assemblies, in  0.679 seconds
Refreshing native plugins compatible for Editor in 0.70 ms, found 3 plugins.
Native extension for UWP target not found
Native extension for WindowsStandalone target not found
[Package Manager] Failed to launch server process. Reason: Unity was launched with the -noUpm command-line argument
[Package Manager] Unable to send message (not connected to server process).
[Package Manager] Cannot connect to Unity Package Manager local server
Mono: successfully reloaded assembly
- Finished resetting the current domain, in  0.966 seconds
Domain Reload Profiling: 1648ms
	BeginReloadAssembly (198ms)
		ExecutionOrderSort (0ms)
		DisableScriptedObjects (6ms)
		BackupInstance (0ms)
		ReleaseScriptingObjects (0ms)
		CreateAndSetChildDomain (53ms)
	RebuildCommonClasses (31ms)
	RebuildNativeTypeToScriptingClass (12ms)
	initialDomainReloadingComplete (24ms)
	LoadAllAssembliesAndSetupDomain (417ms)
		LoadAssemblies (318ms)
		RebuildTransferFunctionScriptingTraits (0ms)
		AnalyzeDomain (185ms)
			TypeCache.Refresh (12ms)
				TypeCache.ScanAssembly (0ms)
			BuildScriptInfoCaches (159ms)
			ResolveRequiredComponents (10ms)
	FinalizeReload (967ms)
		ReleaseScriptCaches (0ms)
		RebuildScriptCaches (0ms)
		SetupLoadedEditorAssemblies (775ms)
			LogAssemblyErrors (0ms)
			InitializePlatformSupportModulesInManaged (21ms)
			SetLoadedEditorAssemblies (14ms)
			BeforeProcessingInitializeOnLoad (178ms)
			ProcessInitializeOnLoadAttributes (497ms)
			ProcessInitializeOnLoadMethodAttributes (62ms)
			AfterProcessingInitializeOnLoad (3ms)
			EditorAssembliesLoaded (0ms)
		ExecutionOrderSort2 (0ms)
		AwakeInstancesAfterBackupRestoration (18ms)
Refreshing native plugins compatible for Editor in 0.96 ms, found 3 plugins.
Preloading 0 native plugins for Editor in 0.00 ms.
Unloading 13 Unused Serialized files (Serialized files now loaded: 0)
Unloading 6126 unused Assets / (4.0 MB). Loaded Objects now: 6882.
Memory consumption went from 142.8 MB to 138.8 MB.
Total: 11.677400 ms (FindLiveObjects: 0.642000 ms CreateObjectMapping: 1.038800 ms MarkObjects: 6.711600 ms  DeleteObjects: 3.283700 ms)

Prepare: number of updated asset objects reloaded= 0
========================================================================
Received Prepare
Begin MonoManager ReloadAssembly
[Licensing::Client] Successfully resolved entitlement details
- Loaded All Assemblies, in  0.648 seconds
Refreshing native plugins compatible for Editor in 0.76 ms, found 3 plugins.
Native extension for UWP target not found
Native extension for WindowsStandalone target not found
[Package Manager] Failed to launch server process. Reason: Unity was launched with the -noUpm command-line argument
[Package Manager] Unable to send message (not connected to server process).
[Package Manager] Cannot connect to Unity Package Manager local server
Mono: successfully reloaded assembly
- Finished resetting the current domain, in  0.760 seconds
Domain Reload Profiling: 1410ms
	BeginReloadAssembly (204ms)
		ExecutionOrderSort (0ms)
		DisableScriptedObjects (6ms)
		BackupInstance (0ms)
		ReleaseScriptingObjects (0ms)
		CreateAndSetChildDomain (50ms)
	RebuildCommonClasses (32ms)
	RebuildNativeTypeToScriptingClass (11ms)
	initialDomainReloadingComplete (25ms)
	LoadAllAssembliesAndSetupDomain (377ms)
		LoadAssemblies (300ms)
		RebuildTransferFunctionScriptingTraits (0ms)
		AnalyzeDomain (172ms)
			TypeCache.Refresh (11ms)
				TypeCache.ScanAssembly (1ms)
			BuildScriptInfoCaches (149ms)
			ResolveRequiredComponents (9ms)
	FinalizeReload (760ms)
		ReleaseScriptCaches (0ms)
		RebuildScriptCaches (0ms)
		SetupLoadedEditorAssemblies (625ms)
			LogAssemblyErrors (0ms)
			InitializePlatformSupportModulesInManaged (10ms)
			SetLoadedEditorAssemblies (6ms)
			BeforeProcessingInitializeOnLoad (102ms)
			ProcessInitializeOnLoadAttributes (441ms)
			ProcessInitializeOnLoadMethodAttributes (61ms)
			AfterProcessingInitializeOnLoad (4ms)
			EditorAssembliesLoaded (0ms)
		ExecutionOrderSort2 (0ms)
		AwakeInstancesAfterBackupRestoration (19ms)
Refreshing native plugins compatible for Editor in 0.69 ms, found 3 plugins.
Preloading 0 native plugins for Editor in 0.00 ms.
Unloading 27 Unused Serialized files (Serialized files now loaded: 0)
Unloading 6174 unused Assets / (5.0 MB). Loaded Objects now: 6919.
Memory consumption went from 147.3 MB to 142.2 MB.
Total: 6.834000 ms (FindLiveObjects: 0.568700 ms CreateObjectMapping: 0.489700 ms MarkObjects: 3.681700 ms  DeleteObjects: 2.092900 ms)

Prepare: number of updated asset objects reloaded= 0
========================================================================
Received Prepare
Begin MonoManager ReloadAssembly
[Licensing::Client] Successfully resolved entitlement details
- Loaded All Assemblies, in  0.624 seconds
Refreshing native plugins compatible for Editor in 0.63 ms, found 3 plugins.
Native extension for UWP target not found
Native extension for WindowsStandalone target not found
[Package Manager] Failed to launch server process. Reason: Unity was launched with the -noUpm command-line argument
[Package Manager] Unable to send message (not connected to server process).
[Package Manager] Cannot connect to Unity Package Manager local server
Mono: successfully reloaded assembly
- Finished resetting the current domain, in  0.793 seconds
Domain Reload Profiling: 1420ms
	BeginReloadAssembly (207ms)
		ExecutionOrderSort (0ms)
		DisableScriptedObjects (6ms)
		BackupInstance (0ms)
		ReleaseScriptingObjects (0ms)
		CreateAndSetChildDomain (55ms)
	RebuildCommonClasses (34ms)
	RebuildNativeTypeToScriptingClass (12ms)
	initialDomainReloadingComplete (22ms)
	LoadAllAssembliesAndSetupDomain (352ms)
		LoadAssemblies (287ms)
		RebuildTransferFunctionScriptingTraits (0ms)
		AnalyzeDomain (161ms)
			TypeCache.Refresh (10ms)
				TypeCache.ScanAssembly (1ms)
			BuildScriptInfoCaches (139ms)
			ResolveRequiredComponents (9ms)
	FinalizeReload (794ms)
		ReleaseScriptCaches (0ms)
		RebuildScriptCaches (0ms)
		SetupLoadedEditorAssemblies (660ms)
			LogAssemblyErrors (0ms)
			InitializePlatformSupportModulesInManaged (11ms)
			SetLoadedEditorAssemblies (5ms)
			BeforeProcessingInitializeOnLoad (103ms)
			ProcessInitializeOnLoadAttributes (485ms)
			ProcessInitializeOnLoadMethodAttributes (52ms)
			AfterProcessingInitializeOnLoad (3ms)
			EditorAssembliesLoaded (0ms)
		ExecutionOrderSort2 (0ms)
		AwakeInstancesAfterBackupRestoration (18ms)
Refreshing native plugins compatible for Editor in 0.85 ms, found 3 plugins.
Preloading 0 native plugins for Editor in 0.00 ms.
Unloading 27 Unused Serialized files (Serialized files now loaded: 0)
Unloading 6174 unused Assets / (5.6 MB). Loaded Objects now: 6922.
Memory consumption went from 147.3 MB to 141.7 MB.
Total: 9.143800 ms (FindLiveObjects: 0.919800 ms CreateObjectMapping: 0.692100 ms MarkObjects: 4.610200 ms  DeleteObjects: 2.920300 ms)

Prepare: number of updated asset objects reloaded= 0
========================================================================
Received Import Request.
  Time since last request: 275.187710 seconds.
  path: Assets/Script/GameManager.cs
  artifactKey: Guid(a4a3d2672be09184f87ddd8d5a369e1f) Importer(815301076,1909f56bfc062723c751e8b465ee728b)
Start importing Assets/Script/GameManager.cs using Guid(a4a3d2672be09184f87ddd8d5a369e1f) Importer(815301076,1909f56bfc062723c751e8b465ee728b) (PreviewImporter) -> (artifact id: '42db9cb9a9fbd5b826357ce8ac20539c') in 0.0186808 seconds
Number of updated asset objects reloaded before import = 0Number of asset objects unloaded after import = 0

========================================================================
Received Import Request.
  Time since last request: 125.384505 seconds.
  path: ProjectSettings/TagManager.asset
  artifactKey: Guid(00000000000000003000000000000000) Importer(815301076,1909f56bfc062723c751e8b465ee728b)
Start importing ProjectSettings/TagManager.asset using Guid(00000000000000003000000000000000) Importer(815301076,1909f56bfc062723c751e8b465ee728b) (PreviewImporter) -> (artifact id: '3a7edb23da3ecee511b0136481fac718') in 0.0140773 seconds
Number of updated asset objects reloaded before import = 0Number of asset objects unloaded after import = 0

========================================================================
Received Prepare
Begin MonoManager ReloadAssembly
[Licensing::Client] Successfully resolved entitlement details
- Loaded All Assemblies, in  0.603 seconds
Refreshing native plugins compatible for Editor in 0.66 ms, found 3 plugins.
Native extension for UWP target not found
Native extension for WindowsStandalone target not found
[Package Manager] Failed to launch server process. Reason: Unity was launched with the -noUpm command-line argument
[Package Manager] Unable to send message (not connected to server process).
[Package Manager] Cannot connect to Unity Package Manager local server
Mono: successfully reloaded assembly
- Finished resetting the current domain, in  0.727 seconds
Domain Reload Profiling: 1333ms
	BeginReloadAssembly (198ms)
		ExecutionOrderSort (0ms)
		DisableScriptedObjects (5ms)
		BackupInstance (0ms)
		ReleaseScriptingObjects (0ms)
		CreateAndSetChildDomain (48ms)
	RebuildCommonClasses (31ms)
	RebuildNativeTypeToScriptingClass (11ms)
	initialDomainReloadingComplete (23ms)
	LoadAllAssembliesAndSetupDomain (342ms)
		LoadAssemblies (275ms)
		RebuildTransferFunctionScriptingTraits (0ms)
		AnalyzeDomain (162ms)
			TypeCache.Refresh (8ms)
				TypeCache.ScanAssembly (0ms)
			BuildScriptInfoCaches (142ms)
			ResolveRequiredComponents (9ms)
	FinalizeReload (727ms)
		ReleaseScriptCaches (0ms)
		RebuildScriptCaches (0ms)
		SetupLoadedEditorAssemblies (592ms)
			LogAssemblyErrors (0ms)
			InitializePlatformSupportModulesInManaged (9ms)
			SetLoadedEditorAssemblies (6ms)
			BeforeProcessingInitializeOnLoad (95ms)
			ProcessInitializeOnLoadAttributes (427ms)
			ProcessInitializeOnLoadMethodAttributes (52ms)
			AfterProcessingInitializeOnLoad (3ms)
			EditorAssembliesLoaded (0ms)
		ExecutionOrderSort2 (0ms)
		AwakeInstancesAfterBackupRestoration (18ms)
Refreshing native plugins compatible for Editor in 0.72 ms, found 3 plugins.
Preloading 0 native plugins for Editor in 0.00 ms.
Unloading 27 Unused Serialized files (Serialized files now loaded: 0)
Unloading 6175 unused Assets / (5.4 MB). Loaded Objects now: 6926.
Memory consumption went from 147.4 MB to 142.0 MB.
Total: 8.529100 ms (FindLiveObjects: 0.675100 ms CreateObjectMapping: 0.613800 ms MarkObjects: 4.575100 ms  DeleteObjects: 2.664100 ms)

Prepare: number of updated asset objects reloaded= 0
========================================================================
Received Import Request.
  Time since last request: 62.373766 seconds.
  path: Assets/Script/PlayerInteraction.cs
  artifactKey: Guid(30aad8ea5b4bb9744835ed349f416365) Importer(2089858483,192608db42251d675da83286b1cce702)
Start importing Assets/Script/PlayerInteraction.cs using Guid(30aad8ea5b4bb9744835ed349f416365) Importer(2089858483,192608db42251d675da83286b1cce702) (ScriptedImporter) -> (artifact id: '1fa07796641be7583309867657f0262a') in 0.1947999 seconds
Number of updated asset objects reloaded before import = 0Number of asset objects unloaded after import = 0

========================================================================
Received Import Request.
  Time since last request: 0.000016 seconds.
  path: Assets/TextMesh Pro/Resources/Style Sheets
  artifactKey: Guid(4aecb92fff08436c8303b10eab8da368) Importer(2089858483,192608db42251d675da83286b1cce702)
Start importing Assets/TextMesh Pro/Resources/Style Sheets using Guid(4aecb92fff08436c8303b10eab8da368) Importer(2089858483,192608db42251d675da83286b1cce702) (ScriptedImporter) -> (artifact id: '6cc5e5820e882d940623135740ef5455') in 0.0116836 seconds
Number of updated asset objects reloaded before import = 0Number of asset objects unloaded after import = 1

========================================================================
Received Import Request.
  Time since last request: 0.000021 seconds.
  path: Assets/TextMesh Pro/Examples & Extras/Resources/Fonts & Materials
  artifactKey: Guid(4f1e85c79acf49968737939ce8b445c7) Importer(2089858483,192608db42251d675da83286b1cce702)
Start importing Assets/TextMesh Pro/Examples & Extras/Resources/Fonts & Materials using Guid(4f1e85c79acf49968737939ce8b445c7) Importer(2089858483,192608db42251d675da83286b1cce702) (ScriptedImporter) -> (artifact id: 'c6050536642f3b98010ee2a3a63466ad') in 0.0114495 seconds
Number of updated asset objects reloaded before import = 0Number of asset objects unloaded after import = 1

========================================================================
Received Import Request.
  Time since last request: 0.000019 seconds.
  path: Assets/TextMesh Pro/Examples & Extras/Scripts/WarpTextExample.cs
  artifactKey: Guid(790744c462254b7ba8038e6ed28b3db2) Importer(2089858483,192608db42251d675da83286b1cce702)
Start importing Assets/TextMesh Pro/Examples & Extras/Scripts/WarpTextExample.cs using Guid(790744c462254b7ba8038e6ed28b3db2) Importer(2089858483,192608db42251d675da83286b1cce702) (ScriptedImporter) -> (artifact id: '8b96268db7a0e2473b9521cf48fa3d61') in 0.0111171 seconds
Number of updated asset objects reloaded before import = 0Number of asset objects unloaded after import = 0

========================================================================
Received Import Request.
  Time since last request: 0.000014 seconds.
  path: Assets/TextMesh Pro/Shaders/TMP_SDF-Mobile.shader
  artifactKey: Guid(fe393ace9b354375a9cb14cdbbc28be4) Importer(2089858483,192608db42251d675da83286b1cce702)
Start importing Assets/TextMesh Pro/Shaders/TMP_SDF-Mobile.shader using Guid(fe393ace9b354375a9cb14cdbbc28be4) Importer(2089858483,192608db42251d675da83286b1cce702) (ScriptedImporter) -> (artifact id: 'f2e6b1989f71729d3395cb5b45392830') in 0.0180728 seconds
Number of updated asset objects reloaded before import = 0Number of asset objects unloaded after import = 1

========================================================================
Received Import Request.
  Time since last request: 0.000018 seconds.
  path: Assets/TextMesh Pro/Shaders/TMP_SDF SSD.shader
  artifactKey: Guid(14eb328de4b8eb245bb7cea29e4ac00b) Importer(2089858483,192608db42251d675da83286b1cce702)
Start importing Assets/TextMesh Pro/Shaders/TMP_SDF SSD.shader using Guid(14eb328de4b8eb245bb7cea29e4ac00b) Importer(2089858483,192608db42251d675da83286b1cce702) (ScriptedImporter) -> (artifact id: '165d924f063120573be93a4d5eee6d0a') in 0.0141079 seconds
Number of updated asset objects reloaded before import = 0Number of asset objects unloaded after import = 2

========================================================================
Received Import Request.
  Time since last request: 0.000017 seconds.
  path: Assets/TextMesh Pro/Resources/TMP Settings.asset
  artifactKey: Guid(3f5b5dff67a942289a9defa416b206f3) Importer(2089858483,192608db42251d675da83286b1cce702)
Start importing Assets/TextMesh Pro/Resources/TMP Settings.asset using Guid(3f5b5dff67a942289a9defa416b206f3) Importer(2089858483,192608db42251d675da83286b1cce702) (ScriptedImporter) -> (artifact id: 'ea5850f9fec85dbe550a695b29e4697d') in 0.0656585 seconds
Number of updated asset objects reloaded before import = 0Number of asset objects unloaded after import = 17

========================================================================
Received Import Request.
  Time since last request: 0.000016 seconds.
  path: Assets/TextMesh Pro/Resources/LineBreaking Following Characters.txt
  artifactKey: Guid(fade42e8bc714b018fac513c043d323b) Importer(2089858483,192608db42251d675da83286b1cce702)
Start importing Assets/TextMesh Pro/Resources/LineBreaking Following Characters.txt using Guid(fade42e8bc714b018fac513c043d323b) Importer(2089858483,192608db42251d675da83286b1cce702) (ScriptedImporter) -> (artifact id: '1d0ba43799e9ab72ad818d6040866a7c') in 0.010638 seconds
Number of updated asset objects reloaded before import = 0Number of asset objects unloaded after import = 1

========================================================================
Received Import Request.
  Time since last request: 0.000027 seconds.
  path: Assets/TextMesh Pro/Examples & Extras/Scenes/10 - Bullets & Numbered List Example.unity
  artifactKey: Guid(c3f814e1d12c45568daf3dd9a86a0e61) Importer(2089858483,192608db42251d675da83286b1cce702)
Start importing Assets/TextMesh Pro/Examples & Extras/Scenes/10 - Bullets & Numbered List Example.unity using Guid(c3f814e1d12c45568daf3dd9a86a0e61) Importer(2089858483,192608db42251d675da83286b1cce702) (ScriptedImporter) -> (artifact id: '4ab3f29fe990f43fef752108abb6b97e') in 0.0154646 seconds
Number of updated asset objects reloaded before import = 0Number of asset objects unloaded after import = 1

========================================================================
Received Import Request.
  Time since last request: 0.000012 seconds.
  path: Assets/TextMesh Pro/Examples & Extras/Scripts/TMP_FrameRateCounter.cs
  artifactKey: Guid(686ec78b56aa445795335fbadafcfaa4) Importer(2089858483,192608db42251d675da83286b1cce702)
Start importing Assets/TextMesh Pro/Examples & Extras/Scripts/TMP_FrameRateCounter.cs using Guid(686ec78b56aa445795335fbadafcfaa4) Importer(2089858483,192608db42251d675da83286b1cce702) (ScriptedImporter) -> (artifact id: '928d3bf16487a63b783e57b78df169af') in 0.0116034 seconds
Number of updated asset objects reloaded before import = 0Number of asset objects unloaded after import = 0

========================================================================
Received Import Request.
  Time since last request: 0.000015 seconds.
  path: Assets/TextMesh Pro/Resources/Style Sheets/Default Style Sheet.asset
  artifactKey: Guid(f952c082cb03451daed3ee968ac6c63e) Importer(2089858483,192608db42251d675da83286b1cce702)
Start importing Assets/TextMesh Pro/Resources/Style Sheets/Default Style Sheet.asset using Guid(f952c082cb03451daed3ee968ac6c63e) Importer(2089858483,192608db42251d675da83286b1cce702) (ScriptedImporter) -> (artifact id: 'd4ea4ff08421f986a07b94df5948906d') in 0.0120052 seconds
Number of updated asset objects reloaded before import = 0Number of asset objects unloaded after import = 1

========================================================================
Received Import Request.
  Time since last request: 0.000013 seconds.
  path: Assets/TextMesh Pro/Sprites
  artifactKey: Guid(d0603b6d5186471b96c778c3949c7ce2) Importer(2089858483,192608db42251d675da83286b1cce702)
Start importing Assets/TextMesh Pro/Sprites using Guid(d0603b6d5186471b96c778c3949c7ce2) Importer(2089858483,192608db42251d675da83286b1cce702) (ScriptedImporter) -> (artifact id: 'ab3f488664b1bbfeaad6ae9a858596cd') in 0.0112841 seconds
Number of updated asset objects reloaded before import = 0Number of asset objects unloaded after import = 1

========================================================================
Received Import Request.
  Time since last request: 0.000013 seconds.
  path: Assets/TextMesh Pro/Resources/Fonts & Materials/LiberationSans SDF.asset
  artifactKey: Guid(8f586378b4e144a9851e7b34d9b748ee) Importer(2089858483,192608db42251d675da83286b1cce702)
Start importing Assets/TextMesh Pro/Resources/Fonts & Materials/LiberationSans SDF.asset using Guid(8f586378b4e144a9851e7b34d9b748ee) Importer(2089858483,192608db42251d675da83286b1cce702) (ScriptedImporter) -> (artifact id: '30e1cb0127597facae259e3de4f1bafc') in 0.068236 seconds
Number of updated asset objects reloaded before import = 0Number of asset objects unloaded after import = 9

========================================================================
Received Import Request.
  Time since last request: 0.000016 seconds.
  path: Assets/TextMesh Pro/Shaders/TMP_Bitmap-Mobile.shader
  artifactKey: Guid(1e3b057af24249748ff873be7fafee47) Importer(2089858483,192608db42251d675da83286b1cce702)
Start importing Assets/TextMesh Pro/Shaders/TMP_Bitmap-Mobile.shader using Guid(1e3b057af24249748ff873be7fafee47) Importer(2089858483,192608db42251d675da83286b1cce702) (ScriptedImporter) -> (artifact id: '0c93b3f3ac236609b5835b3cc15cf819') in 0.0129704 seconds
Number of updated asset objects reloaded before import = 0Number of asset objects unloaded after import = 1

========================================================================
Received Import Request.
  Time since last request: 0.000020 seconds.
  path: Assets/TextMesh Pro/Examples & Extras/Scenes/17 - Old Computer Terminal.unity
  artifactKey: Guid(3e2e4d7b0bed4cf9ab827e9f32448f69) Importer(2089858483,192608db42251d675da83286b1cce702)
Start importing Assets/TextMesh Pro/Examples & Extras/Scenes/17 - Old Computer Terminal.unity using Guid(3e2e4d7b0bed4cf9ab827e9f32448f69) Importer(2089858483,192608db42251d675da83286b1cce702) (ScriptedImporter) -> (artifact id: 'e6ca78cbd9ddc3957eade7b105cc460c') in 0.0110244 seconds
Number of updated asset objects reloaded before import = 0Number of asset objects unloaded after import = 1

========================================================================
Received Import Request.
  Time since last request: 0.000017 seconds.
  path: Assets/TextMesh Pro/Examples & Extras/Prefabs/Text Popup.prefab
  artifactKey: Guid(b06f0e6c1dfa4356ac918da1bb32c603) Importer(2089858483,192608db42251d675da83286b1cce702)
Start importing Assets/TextMesh Pro/Examples & Extras/Prefabs/Text Popup.prefab using Guid(b06f0e6c1dfa4356ac918da1bb32c603) Importer(2089858483,192608db42251d675da83286b1cce702) (ScriptedImporter) -> (artifact id: 'c844f69cc95c167676ba4f791bd4c0a3') in 0.0579527 seconds
Number of updated asset objects reloaded before import = 0Number of asset objects unloaded after import = 22

========================================================================
Received Import Request.
  Time since last request: 0.000016 seconds.
  path: Assets/TextMesh Pro/Examples & Extras/Scripts/TextMeshSpawner.cs
  artifactKey: Guid(76c11bbcfddf44e0ba17d6c2751c8d84) Importer(2089858483,192608db42251d675da83286b1cce702)
Start importing Assets/TextMesh Pro/Examples & Extras/Scripts/TextMeshSpawner.cs using Guid(76c11bbcfddf44e0ba17d6c2751c8d84) Importer(2089858483,192608db42251d675da83286b1cce702) (ScriptedImporter) -> (artifact id: '63816191ca43ecb21a25e5704d8c4893') in 0.0101861 seconds
Number of updated asset objects reloaded before import = 0Number of asset objects unloaded after import = 0

========================================================================
Received Import Request.
  Time since last request: 0.000013 seconds.
  path: Assets/TextMesh Pro/Examples & Extras/Fonts/Unity.ttf
  artifactKey: Guid(f4eec857a4fdf2f43be0e9f3d1a984e7) Importer(2089858483,192608db42251d675da83286b1cce702)
Start importing Assets/TextMesh Pro/Examples & Extras/Fonts/Unity.ttf using Guid(f4eec857a4fdf2f43be0e9f3d1a984e7) Importer(2089858483,192608db42251d675da83286b1cce702) (ScriptedImporter) -> (artifact id: '5527638235e127fd636480c1c14a7569') in 0.0187687 seconds
Number of updated asset objects reloaded before import = 0Number of asset objects unloaded after import = 3

========================================================================
Received Import Request.
  Time since last request: 0.000016 seconds.
  path: Assets/TextMesh Pro/Resources/Sprite Assets/EmojiOne.asset
  artifactKey: Guid(c41005c129ba4d66911b75229fd70b45) Importer(2089858483,192608db42251d675da83286b1cce702)
Start importing Assets/TextMesh Pro/Resources/Sprite Assets/EmojiOne.asset using Guid(c41005c129ba4d66911b75229fd70b45) Importer(2089858483,192608db42251d675da83286b1cce702) (ScriptedImporter) -> (artifact id: 'c1c5126399c500eb49479a22278d4ad3') in 0.0158108 seconds
Number of updated asset objects reloaded before import = 0Number of asset objects unloaded after import = 4

========================================================================
Received Import Request.
  Time since last request: 0.000026 seconds.
  path: Assets/TextMesh Pro/Examples & Extras/Textures/Sunny Days - Seamless.jpg
  artifactKey: Guid(17c350171f7a3ca479f830547c66d187) Importer(2089858483,192608db42251d675da83286b1cce702)
Start importing Assets/TextMesh Pro/Examples & Extras/Textures/Sunny Days - Seamless.jpg using Guid(17c350171f7a3ca479f830547c66d187) Importer(2089858483,192608db42251d675da83286b1cce702) (ScriptedImporter)[Licensing::Client] Successfully resolved entitlement details
 -> (artifact id: '5d303bcbd50e274b87f396b31d7dcaab') in 0.0424395 seconds
Number of updated asset objects reloaded before import = 0Number of asset objects unloaded after import = 1

========================================================================
Received Import Request.
  Time since last request: 0.000016 seconds.
  path: Assets/TextMesh Pro/Examples & Extras/Resources/Fonts & Materials/Anton SDF - Outline.mat
  artifactKey: Guid(a00013af81304728b2be1f4309ee2433) Importer(2089858483,192608db42251d675da83286b1cce702)
Start importing Assets/TextMesh Pro/Examples & Extras/Resources/Fonts & Materials/Anton SDF - Outline.mat using Guid(a00013af81304728b2be1f4309ee2433) Importer(2089858483,192608db42251d675da83286b1cce702) (ScriptedImporter) -> (artifact id: '549bb72b15bab3aee852511a87f774eb') in 0.012593 seconds
Number of updated asset objects reloaded before import = 0Number of asset objects unloaded after import = 3

========================================================================
Received Import Request.
  Time since last request: 0.000018 seconds.
  path: Assets/TextMesh Pro/Examples & Extras/Materials/Crate - URP.mat
  artifactKey: Guid(3b5cc91c3bf8cf74391252247f52fb59) Importer(2089858483,192608db42251d675da83286b1cce702)
Start importing Assets/TextMesh Pro/Examples & Extras/Materials/Crate - URP.mat using Guid(3b5cc91c3bf8cf74391252247f52fb59) Importer(2089858483,192608db42251d675da83286b1cce702) (ScriptedImporter) -> (artifact id: '6e2ff3a9372a9a6fe23264603f0d3bfe') in 0.0199911 seconds
Number of updated asset objects reloaded before import = 0Number of asset objects unloaded after import = 3

========================================================================
Received Import Request.
  Time since last request: 0.000013 seconds.
  path: Assets/TextMesh Pro/Shaders/TMP_SDF-Surface.shader
  artifactKey: Guid(f7ada0af4f174f0694ca6a487b8f543d) Importer(2089858483,192608db42251d675da83286b1cce702)
Start importing Assets/TextMesh Pro/Shaders/TMP_SDF-Surface.shader using Guid(f7ada0af4f174f0694ca6a487b8f543d) Importer(2089858483,192608db42251d675da83286b1cce702) (ScriptedImporter) -> (artifact id: 'e1a51171de064e2fb3667e0b71a299b7') in 0.0118143 seconds
Number of updated asset objects reloaded before import = 0Number of asset objects unloaded after import = 1

========================================================================
Received Import Request.
  Time since last request: 0.000022 seconds.
  path: Assets/TextMesh Pro/Resources/Sprite Assets
  artifactKey: Guid(512a49d95c0c4332bdd98131869c23c9) Importer(2089858483,192608db42251d675da83286b1cce702)
Start importing Assets/TextMesh Pro/Resources/Sprite Assets using Guid(512a49d95c0c4332bdd98131869c23c9) Importer(2089858483,192608db42251d675da83286b1cce702) (ScriptedImporter) -> (artifact id: 'fdf2b9b506ba998301f6dcd9ccf6fbc4') in 0.0125937 seconds
Number of updated asset objects reloaded before import = 0Number of asset objects unloaded after import = 1

========================================================================
Received Import Request.
  Time since last request: 0.000024 seconds.
  path: Assets/TextMesh Pro/Fonts/LiberationSans - OFL.txt
  artifactKey: Guid(6e59c59b81ab47f9b6ec5781fa725d2c) Importer(2089858483,192608db42251d675da83286b1cce702)
Start importing Assets/TextMesh Pro/Fonts/LiberationSans - OFL.txt using Guid(6e59c59b81ab47f9b6ec5781fa725d2c) Importer(2089858483,192608db42251d675da83286b1cce702) (ScriptedImporter) -> (artifact id: 'd6c2499d8dd3bfc10c0475b9aebb2c98') in 0.0095724 seconds
Number of updated asset objects reloaded before import = 0Number of asset objects unloaded after import = 1

========================================================================
Received Import Request.
  Time since last request: 0.000013 seconds.
  path: Assets/TextMesh Pro/Examples & Extras/Scenes/04 - Word Wrapping.unity
  artifactKey: Guid(8f7137eacd7042d5b17ef0efe5e744f5) Importer(2089858483,192608db42251d675da83286b1cce702)
Start importing Assets/TextMesh Pro/Examples & Extras/Scenes/04 - Word Wrapping.unity using Guid(8f7137eacd7042d5b17ef0efe5e744f5) Importer(2089858483,192608db42251d675da83286b1cce702) (ScriptedImporter) -> (artifact id: 'e04da0e0e193f360ec57af130b2f06b3') in 0.0129798 seconds
Number of updated asset objects reloaded before import = 0Number of asset objects unloaded after import = 1

========================================================================
Received Import Request.
  Time since last request: 0.000019 seconds.
  path: Assets/TextMesh Pro/Examples & Extras/Resources/Sprite Assets/DropCap Numbers.asset
  artifactKey: Guid(14aa93acbb234d16aaef0e8b46814db6) Importer(2089858483,192608db42251d675da83286b1cce702)
Start importing Assets/TextMesh Pro/Examples & Extras/Resources/Sprite Assets/DropCap Numbers.asset using Guid(14aa93acbb234d16aaef0e8b46814db6) Importer(2089858483,192608db42251d675da83286b1cce702) (ScriptedImporter) -> (artifact id: 'fe72f73c1db4ce4e79aaee97ec2b6bab') in 0.0135635 seconds
Number of updated asset objects reloaded before import = 0Number of asset objects unloaded after import = 4

========================================================================
Received Import Request.
  Time since last request: 0.000024 seconds.
  path: Assets/TextMesh Pro/Examples & Extras/Scenes/27 - Double Pass Shader Example.unity
  artifactKey: Guid(3b38a6ba32b869f48812e595baf39746) Importer(2089858483,192608db42251d675da83286b1cce702)
Start importing Assets/TextMesh Pro/Examples & Extras/Scenes/27 - Double Pass Shader Example.unity using Guid(3b38a6ba32b869f48812e595baf39746) Importer(2089858483,192608db42251d675da83286b1cce702) (ScriptedImporter) -> (artifact id: '43759ef1b9a1202ea2e758ab648f8c42') in 0.0123187 seconds
Number of updated asset objects reloaded before import = 0Number of asset objects unloaded after import = 1

========================================================================
Received Import Request.
  Time since last request: 0.000015 seconds.
  path: Assets/TextMesh Pro/Examples & Extras/Fonts
  artifactKey: Guid(b63e0053080646b9819789bf3bf9fa17) Importer(2089858483,192608db42251d675da83286b1cce702)
Start importing Assets/TextMesh Pro/Examples & Extras/Fonts using Guid(b63e0053080646b9819789bf3bf9fa17) Importer(2089858483,192608db42251d675da83286b1cce702) (ScriptedImporter) -> (artifact id: 'd0a2adbbf812b9fe77037d12d8495df1') in 0.0110782 seconds
Number of updated asset objects reloaded before import = 0Number of asset objects unloaded after import = 1

========================================================================
Received Import Request.
  Time since last request: 0.000014 seconds.
  path: Assets/TextMesh Pro/Examples & Extras/Fonts/Roboto-Bold - AFL.txt
  artifactKey: Guid(f28c334d44214474d9702d3ad79ecb0a) Importer(2089858483,192608db42251d675da83286b1cce702)
Start importing Assets/TextMesh Pro/Examples & Extras/Fonts/Roboto-Bold - AFL.txt using Guid(f28c334d44214474d9702d3ad79ecb0a) Importer(2089858483,192608db42251d675da83286b1cce702) (ScriptedImporter) -> (artifact id: '5673df0a7371852d1feec31baf03765b') in 0.0110934 seconds
Number of updated asset objects reloaded before import = 0Number of asset objects unloaded after import = 1

========================================================================
Received Import Request.
  Time since last request: 0.000026 seconds.
  path: Assets/TextMesh Pro/Examples & Extras/Scenes/16 - Linked text overflow mode example.unity
  artifactKey: Guid(9442cda25baa4a0bb544c4d095b00caa) Importer(2089858483,192608db42251d675da83286b1cce702)
Start importing Assets/TextMesh Pro/Examples & Extras/Scenes/16 - Linked text overflow mode example.unity using Guid(9442cda25baa4a0bb544c4d095b00caa) Importer(2089858483,192608db42251d675da83286b1cce702) (ScriptedImporter) -> (artifact id: '98d695dd04d29226b915620ae2b516a1') in 0.0100571 seconds
Number of updated asset objects reloaded before import = 0Number of asset objects unloaded after import = 1

========================================================================
Received Import Request.
  Time since last request: 0.000015 seconds.
  path: Assets/TextMesh Pro/Examples & Extras/Scenes/14 - Multi Font & Sprites.unity
  artifactKey: Guid(22a2fba786ad4c40ac0ba09f0b933100) Importer(2089858483,192608db42251d675da83286b1cce702)
Start importing Assets/TextMesh Pro/Examples & Extras/Scenes/14 - Multi Font & Sprites.unity using Guid(22a2fba786ad4c40ac0ba09f0b933100) Importer(2089858483,192608db42251d675da83286b1cce702) (ScriptedImporter) -> (artifact id: '468bea87fdcbcb74a452b888e0a47cc5') in 0.0093888 seconds
Number of updated asset objects reloaded before import = 0Number of asset objects unloaded after import = 1

========================================================================
Received Import Request.
  Time since last request: 0.000013 seconds.
  path: Assets/TextMesh Pro/Shaders/TMP_SDF.shader
  artifactKey: Guid(68e6db2ebdc24f95958faec2be5558d6) Importer(2089858483,192608db42251d675da83286b1cce702)
Start importing Assets/TextMesh Pro/Shaders/TMP_SDF.shader using Guid(68e6db2ebdc24f95958faec2be5558d6) Importer(2089858483,192608db42251d675da83286b1cce702) (ScriptedImporter) -> (artifact id: '0d25e392d09d73f14e69a694fd76c11c') in 0.0113607 seconds
Number of updated asset objects reloaded before import = 0Number of asset objects unloaded after import = 2

========================================================================
Received Import Request.
  Time since last request: 0.000013 seconds.
  path: Assets/TextMesh Pro/Examples & Extras/Textures/Gradient Horizontal (Color).jpg
  artifactKey: Guid(6eb184de103d4b3f812b38561065192f) Importer(2089858483,192608db42251d675da83286b1cce702)
Start importing Assets/TextMesh Pro/Examples & Extras/Textures/Gradient Horizontal (Color).jpg using Guid(6eb184de103d4b3f812b38561065192f) Importer(2089858483,192608db42251d675da83286b1cce702) (ScriptedImporter) -> (artifact id: 'ea49cbc74c08be568013345cae40c8ca') in 0.0219135 seconds
Number of updated asset objects reloaded before import = 0Number of asset objects unloaded after import = 1

========================================================================
Received Import Request.
  Time since last request: 0.000017 seconds.
  path: Assets/TextMesh Pro/Examples & Extras/Scenes/28 - HDRP Shader Example
  artifactKey: Guid(a7eaeb4188c60454faf0a41c253b505c) Importer(2089858483,192608db42251d675da83286b1cce702)
Start importing Assets/TextMesh Pro/Examples & Extras/Scenes/28 - HDRP Shader Example using Guid(a7eaeb4188c60454faf0a41c253b505c) Importer(2089858483,192608db42251d675da83286b1cce702) (ScriptedImporter) -> (artifact id: 'e53485869af6c44d757a67204ef6e0d2') in 0.0097116 seconds
Number of updated asset objects reloaded before import = 0Number of asset objects unloaded after import = 1

========================================================================
Received Import Request.
  Time since last request: 0.000016 seconds.
  path: Assets/TextMesh Pro/Examples & Extras/Scripts/TMP_UiFrameRateCounter.cs
  artifactKey: Guid(24b0dc2d1d494adbbec1f4db26b4cf83) Importer(2089858483,192608db42251d675da83286b1cce702)
Start importing Assets/TextMesh Pro/Examples & Extras/Scripts/TMP_UiFrameRateCounter.cs using Guid(24b0dc2d1d494adbbec1f4db26b4cf83) Importer(2089858483,192608db42251d675da83286b1cce702) (ScriptedImporter) -> (artifact id: 'cd6f13071b0bbd928ecefd83676502f2') in 0.0123784 seconds
Number of updated asset objects reloaded before import = 0Number of asset objects unloaded after import = 0

========================================================================
Received Import Request.
  Time since last request: 0.000028 seconds.
  path: Assets/TextMesh Pro/Examples & Extras/Fonts/Oswald-Bold - OFL.txt
  artifactKey: Guid(d2cf87a8a7a94aa8b80dff1c807c1178) Importer(2089858483,192608db42251d675da83286b1cce702)
Start importing Assets/TextMesh Pro/Examples & Extras/Fonts/Oswald-Bold - OFL.txt using Guid(d2cf87a8a7a94aa8b80dff1c807c1178) Importer(2089858483,192608db42251d675da83286b1cce702) (ScriptedImporter) -> (artifact id: '3142f74ac44e48a8d8f8af6d61a53a2f') in 0.0097013 seconds
Number of updated asset objects reloaded before import = 0Number of asset objects unloaded after import = 1

========================================================================
Received Import Request.
  Time since last request: 0.000013 seconds.
  path: Assets/TextMesh Pro
  artifactKey: Guid(f54d1bd14bd3ca042bd867b519fee8cc) Importer(2089858483,192608db42251d675da83286b1cce702)
Start importing Assets/TextMesh Pro using Guid(f54d1bd14bd3ca042bd867b519fee8cc) Importer(2089858483,192608db42251d675da83286b1cce702) (ScriptedImporter) -> (artifact id: '6d6302a0ec2d73d1f33581ca7cf4d096') in 0.0118078 seconds
Number of updated asset objects reloaded before import = 0Number of asset objects unloaded after import = 1

========================================================================
Received Import Request.
  Time since last request: 0.000013 seconds.
  path: Assets/TextMesh Pro/Examples & Extras/Fonts/Anton.ttf
  artifactKey: Guid(997a43b767814dd0a7642ec9b78cba41) Importer(2089858483,192608db42251d675da83286b1cce702)
Start importing Assets/TextMesh Pro/Examples & Extras/Fonts/Anton.ttf using Guid(997a43b767814dd0a7642ec9b78cba41) Importer(2089858483,192608db42251d675da83286b1cce702) (ScriptedImporter) -> (artifact id: 'a3ca60df95ab3346108df0ce6db32386') in 0.0173633 seconds
Number of updated asset objects reloaded before import = 0Number of asset objects unloaded after import = 3

========================================================================
Received Import Request.
  Time since last request: 0.000018 seconds.
  path: Assets/TextMesh Pro/Examples & Extras/Resources/Color Gradient Presets/Light to Dark Green - Vertical.asset
  artifactKey: Guid(5cf8ae092ca54931b443bec5148f3c59) Importer(2089858483,192608db42251d675da83286b1cce702)
Start importing Assets/TextMesh Pro/Examples & Extras/Resources/Color Gradient Presets/Light to Dark Green - Vertical.asset using Guid(5cf8ae092ca54931b443bec5148f3c59) Importer(2089858483,192608db42251d675da83286b1cce702) (ScriptedImporter) -> (artifact id: '1d6a249443ff306544e2657f7e738b16') in 0.0118846 seconds
Number of updated asset objects reloaded before import = 0Number of asset objects unloaded after import = 1

========================================================================
Received Import Request.
  Time since last request: 0.000017 seconds.
  path: Assets/TextMesh Pro/Examples & Extras/Textures/Gradient Vertical (Color).jpg
  artifactKey: Guid(03d0538de6e24c0f819bfc9ce084dfa9) Importer(2089858483,192608db42251d675da83286b1cce702)
Start importing Assets/TextMesh Pro/Examples & Extras/Textures/Gradient Vertical (Color).jpg using Guid(03d0538de6e24c0f819bfc9ce084dfa9) Importer(2089858483,192608db42251d675da83286b1cce702) (ScriptedImporter) -> (artifact id: 'bcf6b61876fb273c6d7b1c80be28de45') in 0.0155699 seconds
Number of updated asset objects reloaded before import = 0Number of asset objects unloaded after import = 1

========================================================================
Received Import Request.
  Time since last request: 0.000018 seconds.
  path: Assets/TextMesh Pro/Examples & Extras/Resources/Fonts & Materials/Anton SDF.asset
  artifactKey: Guid(8a89fa14b10d46a99122fd4f73fca9a2) Importer(2089858483,192608db42251d675da83286b1cce702)
Start importing Assets/TextMesh Pro/Examples & Extras/Resources/Fonts & Materials/Anton SDF.asset using Guid(8a89fa14b10d46a99122fd4f73fca9a2) Importer(2089858483,192608db42251d675da83286b1cce702) (ScriptedImporter) -> (artifact id: '65488c06c72bf414ae25a352d0f971cd') in 0.0199664 seconds
Number of updated asset objects reloaded before import = 0Number of asset objects unloaded after import = 6

========================================================================
Received Import Request.
  Time since last request: 0.000024 seconds.
  path: Assets/TextMesh Pro/Examples & Extras/Scenes/01-  Single Line TextMesh Pro.unity
  artifactKey: Guid(2ac8cf212df6445e8aebbe3cb832e993) Importer(2089858483,192608db42251d675da83286b1cce702)
Start importing Assets/TextMesh Pro/Examples & Extras/Scenes/01-  Single Line TextMesh Pro.unity using Guid(2ac8cf212df6445e8aebbe3cb832e993) Importer(2089858483,192608db42251d675da83286b1cce702) (ScriptedImporter) -> (artifact id: '7281f1cf75d70142f485da620cd2ae6a') in 0.0103619 seconds
Number of updated asset objects reloaded before import = 0Number of asset objects unloaded after import = 1

========================================================================
Received Import Request.
  Time since last request: 0.000014 seconds.
  path: Assets/TextMesh Pro/Examples & Extras/Resources/Color Gradient Presets/Yellow to Orange - Vertical.asset
  artifactKey: Guid(69a525efa7e6472eab268f6ea605f06e) Importer(2089858483,192608db42251d675da83286b1cce702)
Start importing Assets/TextMesh Pro/Examples & Extras/Resources/Color Gradient Presets/Yellow to Orange - Vertical.asset using Guid(69a525efa7e6472eab268f6ea605f06e) Importer(2089858483,192608db42251d675da83286b1cce702) (ScriptedImporter) -> (artifact id: 'fa3d12a40abf9709b1f193619c74f952') in 0.0131163 seconds
Number of updated asset objects reloaded before import = 0Number of asset objects unloaded after import = 1

========================================================================
Received Import Request.
  Time since last request: 0.000015 seconds.
  path: Assets/TextMesh Pro/Shaders/TMPro_Mobile.cginc
  artifactKey: Guid(c334973cef89a9840b0b0c507e0377ab) Importer(2089858483,192608db42251d675da83286b1cce702)
Start importing Assets/TextMesh Pro/Shaders/TMPro_Mobile.cginc using Guid(c334973cef89a9840b0b0c507e0377ab) Importer(2089858483,192608db42251d675da83286b1cce702) (ScriptedImporter) -> (artifact id: 'a2e078012c14d7da73ef07ae9a231dd3') in 0.0124512 seconds
Number of updated asset objects reloaded before import = 0Number of asset objects unloaded after import = 1

========================================================================
Received Import Request.
  Time since last request: 0.000014 seconds.
  path: Assets/TextMesh Pro/Resources/LineBreaking Leading Characters.txt
  artifactKey: Guid(d82c1b31c7e74239bff1220585707d2b) Importer(2089858483,192608db42251d675da83286b1cce702)
Start importing Assets/TextMesh Pro/Resources/LineBreaking Leading Characters.txt using Guid(d82c1b31c7e74239bff1220585707d2b) Importer(2089858483,192608db42251d675da83286b1cce702) (ScriptedImporter) -> (artifact id: '22d561339ce0235de01112e5c48e563d') in 0.011388 seconds
Number of updated asset objects reloaded before import = 0Number of asset objects unloaded after import = 1

========================================================================
Received Import Request.
  Time since last request: 0.000015 seconds.
  path: Assets/TextMesh Pro/Examples & Extras/Resources/Fonts & Materials/Unity SDF.asset
  artifactKey: Guid(c9adb1f542a93ae489bacfeae21e8394) Importer(2089858483,192608db42251d675da83286b1cce702)
Start importing Assets/TextMesh Pro/Examples & Extras/Resources/Fonts & Materials/Unity SDF.asset using Guid(c9adb1f542a93ae489bacfeae21e8394) Importer(2089858483,192608db42251d675da83286b1cce702) (ScriptedImporter) -> (artifact id: '0b7bd1ced8ea5390cc377bfe6af464de') in 0.0344478 seconds
Number of updated asset objects reloaded before import = 0Number of asset objects unloaded after import = 4

========================================================================
Received Import Request.
  Time since last request: 0.000020 seconds.
  path: Assets/TextMesh Pro/Sprites/EmojiOne.json
  artifactKey: Guid(8f05276190cf498a8153f6cbe761d4e6) Importer(2089858483,192608db42251d675da83286b1cce702)
Start importing Assets/TextMesh Pro/Sprites/EmojiOne.json using Guid(8f05276190cf498a8153f6cbe761d4e6) Importer(2089858483,192608db42251d675da83286b1cce702) (ScriptedImporter) -> (artifact id: '3a9653d09066c8f6bfd1acafed142abe') in 0.0116494 seconds
Number of updated asset objects reloaded before import = 0Number of asset objects unloaded after import = 1

========================================================================
Received Import Request.
  Time since last request: 0.000030 seconds.
  path: Assets/TextMesh Pro/Examples & Extras/Scenes/11 - The Style Tag.unity
  artifactKey: Guid(84ed36ad77dd4956b2ffe3769f759879) Importer(2089858483,192608db42251d675da83286b1cce702)
Start importing Assets/TextMesh Pro/Examples & Extras/Scenes/11 - The Style Tag.unity using Guid(84ed36ad77dd4956b2ffe3769f759879) Importer(2089858483,192608db42251d675da83286b1cce702) (ScriptedImporter) -> (artifact id: 'befbad8521d4016febfefb342ff059d9') in 0.0100272 seconds
Number of updated asset objects reloaded before import = 0Number of asset objects unloaded after import = 1

========================================================================
Received Import Request.
  Time since last request: 0.000013 seconds.
  path: Assets/TextMesh Pro/Examples & Extras/Scripts/TMPro_InstructionOverlay.cs
  artifactKey: Guid(c3c1afeda5e545e0b19add5373896d2e) Importer(2089858483,192608db42251d675da83286b1cce702)
Start importing Assets/TextMesh Pro/Examples & Extras/Scripts/TMPro_InstructionOverlay.cs using Guid(c3c1afeda5e545e0b19add5373896d2e) Importer(2089858483,192608db42251d675da83286b1cce702) (ScriptedImporter) -> (artifact id: '1a1558a63478c5e917067564f2aa6e8f') in 0.0127075 seconds
Number of updated asset objects reloaded before import = 0Number of asset objects unloaded after import = 0

========================================================================
Received Import Request.
  Time since last request: 0.000021 seconds.
  path: Assets/TextMesh Pro/Examples & Extras/Textures/Fruit Jelly (B&W).jpg
  artifactKey: Guid(1cdc5b506b1a4a33a53c30669ced1f51) Importer(2089858483,192608db42251d675da83286b1cce702)
Start importing Assets/TextMesh Pro/Examples & Extras/Textures/Fruit Jelly (B&W).jpg using Guid(1cdc5b506b1a4a33a53c30669ced1f51) Importer(2089858483,192608db42251d675da83286b1cce702) (ScriptedImporter) -> (artifact id: '032c00ab6324d6d9ceb3a6e9c873f6ba') in 0.0176951 seconds
Number of updated asset objects reloaded before import = 0Number of asset objects unloaded after import = 1

========================================================================
Received Import Request.
  Time since last request: 0.000013 seconds.
  path: Assets/TextMesh Pro/Examples & Extras/Scripts/VertexColorCycler.cs
  artifactKey: Guid(91b8ba3d52e041fab2d0e0f169855539) Importer(2089858483,192608db42251d675da83286b1cce702)
Start importing Assets/TextMesh Pro/Examples & Extras/Scripts/VertexColorCycler.cs using Guid(91b8ba3d52e041fab2d0e0f169855539) Importer(2089858483,192608db42251d675da83286b1cce702) (ScriptedImporter) -> (artifact id: '8e5f4423d6dd6cf86ce696c008542b77') in 0.012195 seconds
Number of updated asset objects reloaded before import = 0Number of asset objects unloaded after import = 0

========================================================================
Received Import Request.
  Time since last request: 0.000012 seconds.
  path: Assets/TextMesh Pro/Shaders/TMPro.cginc
  artifactKey: Guid(407bc68d299748449bbf7f48ee690f8d) Importer(2089858483,192608db42251d675da83286b1cce702)
Start importing Assets/TextMesh Pro/Shaders/TMPro.cginc using Guid(407bc68d299748449bbf7f48ee690f8d) Importer(2089858483,192608db42251d675da83286b1cce702) (ScriptedImporter) -> (artifact id: 'f469f5fa964195792f6d5bc807accecf') in 0.0111243 seconds
Number of updated asset objects reloaded before import = 0Number of asset objects unloaded after import = 1

========================================================================
Received Import Request.
  Time since last request: 0.000017 seconds.
  path: Assets/TextMesh Pro/Examples & Extras/Scripts/ShaderPropAnimator.cs
  artifactKey: Guid(2787a46a4dc848c1b4b7b9307b614bfd) Importer(2089858483,192608db42251d675da83286b1cce702)
Start importing Assets/TextMesh Pro/Examples & Extras/Scripts/ShaderPropAnimator.cs using Guid(2787a46a4dc848c1b4b7b9307b614bfd) Importer(2089858483,192608db42251d675da83286b1cce702) (ScriptedImporter) -> (artifact id: '2bc639834047e0e8e87402d426cb4cb8') in 0.0138844 seconds
Number of updated asset objects reloaded before import = 0Number of asset objects unloaded after import = 0

========================================================================
Received Import Request.
  Time since last request: 0.000024 seconds.
  path: Assets/TextMesh Pro/Examples & Extras/Resources/Fonts & Materials/Roboto-Bold SDF - URP.mat
  artifactKey: Guid(90722b8bd74d9aa49958562aff7bdf76) Importer(2089858483,192608db42251d675da83286b1cce702)
Start importing Assets/TextMesh Pro/Examples & Extras/Resources/Fonts & Materials/Roboto-Bold SDF - URP.mat using Guid(90722b8bd74d9aa49958562aff7bdf76) Importer(2089858483,192608db42251d675da83286b1cce702) (ScriptedImporter) -> (artifact id: '850864726440218d3a97e927f71c8d36') in 0.0161858 seconds
Number of updated asset objects reloaded before import = 0Number of asset objects unloaded after import = 3

========================================================================
Received Import Request.
  Time since last request: 0.000013 seconds.
  path: Assets/TextMesh Pro/Examples & Extras/Resources/Fonts & Materials/Roboto-Bold SDF - HDRP Unlit.mat
  artifactKey: Guid(2ddca8f46aa0838419d568affb0ca6b4) Importer(2089858483,192608db42251d675da83286b1cce702)
Start importing Assets/TextMesh Pro/Examples & Extras/Resources/Fonts & Materials/Roboto-Bold SDF - HDRP Unlit.mat using Guid(2ddca8f46aa0838419d568affb0ca6b4) Importer(2089858483,192608db42251d675da83286b1cce702) (ScriptedImporter) -> (artifact id: '5d023a19f0f8d2012fe0c7b95657bada') in 0.0150742 seconds
Number of updated asset objects reloaded before import = 0Number of asset objects unloaded after import = 4

========================================================================
Received Import Request.
  Time since last request: 0.000013 seconds.
  path: Assets/TextMesh Pro/Examples & Extras/Scripts/TMP_TextSelector_A.cs
  artifactKey: Guid(103e0a6a1d404693b9fb1a5173e0e979) Importer(2089858483,192608db42251d675da83286b1cce702)
Start importing Assets/TextMesh Pro/Examples & Extras/Scripts/TMP_TextSelector_A.cs using Guid(103e0a6a1d404693b9fb1a5173e0e979) Importer(2089858483,192608db42251d675da83286b1cce702) (ScriptedImporter) -> (artifact id: '01daeeabc0c5ed43ceee6e4d22ba8926') in 0.0113999 seconds
Number of updated asset objects reloaded before import = 0Number of asset objects unloaded after import = 0

========================================================================
Received Import Request.
  Time since last request: 0.000019 seconds.
  path: Assets/TextMesh Pro/Examples & Extras/Scripts/DropdownSample.cs
  artifactKey: Guid(ac1eb05af6d391b4eb0f4c070a99f1d0) Importer(2089858483,192608db42251d675da83286b1cce702)
Start importing Assets/TextMesh Pro/Examples & Extras/Scripts/DropdownSample.cs using Guid(ac1eb05af6d391b4eb0f4c070a99f1d0) Importer(2089858483,192608db42251d675da83286b1cce702) (ScriptedImporter) -> (artifact id: '5b73e87857938808312d80a47d36e0ed') in 0.0090875 seconds
Number of updated asset objects reloaded before import = 0Number of asset objects unloaded after import = 0

========================================================================
Received Import Request.
  Time since last request: 0.000012 seconds.
  path: Assets/TextMesh Pro/Examples & Extras/Scripts/VertexJitter.cs
  artifactKey: Guid(2ed57967c52645d390a89dcf8f61ba73) Importer(2089858483,192608db42251d675da83286b1cce702)
Start importing Assets/TextMesh Pro/Examples & Extras/Scripts/VertexJitter.cs using Guid(2ed57967c52645d390a89dcf8f61ba73) Importer(2089858483,192608db42251d675da83286b1cce702) (ScriptedImporter) -> (artifact id: '7d82a99a909b2f679ccae6f34a0a3ea7') in 0.0093358 seconds
Number of updated asset objects reloaded before import = 0Number of asset objects unloaded after import = 0

========================================================================
Received Import Request.
  Time since last request: 0.000022 seconds.
  path: Assets/TextMesh Pro/Examples & Extras/Scenes/06 - Extra Rich Text Examples.unity
  artifactKey: Guid(39a1fa96ad2a449b908fca29d4297a74) Importer(2089858483,192608db42251d675da83286b1cce702)
Start importing Assets/TextMesh Pro/Examples & Extras/Scenes/06 - Extra Rich Text Examples.unity using Guid(39a1fa96ad2a449b908fca29d4297a74) Importer(2089858483,192608db42251d675da83286b1cce702) (ScriptedImporter) -> (artifact id: '52485f095d1b56fff6112e911c1389a1') in 0.0127078 seconds
Number of updated asset objects reloaded before import = 0Number of asset objects unloaded after import = 1

========================================================================
Received Import Request.
  Time since last request: 0.000023 seconds.
  path: Assets/TextMesh Pro/Examples & Extras/Scenes/Benchmark (Floating Text).unity
  artifactKey: Guid(16177da2e3254cee91944756d5f8ddd3) Importer(2089858483,192608db42251d675da83286b1cce702)
Start importing Assets/TextMesh Pro/Examples & Extras/Scenes/Benchmark (Floating Text).unity using Guid(16177da2e3254cee91944756d5f8ddd3) Importer(2089858483,192608db42251d675da83286b1cce702) (ScriptedImporter) -> (artifact id: '00c15455b16d14b264d30ec1dfe14a76') in 0.0103738 seconds
Number of updated asset objects reloaded before import = 0Number of asset objects unloaded after import = 1

========================================================================
Received Import Request.
  Time since last request: 0.000013 seconds.
  path: Assets/TextMesh Pro/Examples & Extras/Resources/Fonts & Materials/Bangers SDF Logo.mat
  artifactKey: Guid(f4e195ac1e204eff960149d1cb34e18c) Importer(2089858483,192608db42251d675da83286b1cce702)
Start importing Assets/TextMesh Pro/Examples & Extras/Resources/Fonts & Materials/Bangers SDF Logo.mat using Guid(f4e195ac1e204eff960149d1cb34e18c) Importer(2089858483,192608db42251d675da83286b1cce702) (ScriptedImporter) -> (artifact id: '0fcb1de940b37c5a3bc9615a359911a7') in 0.0324881 seconds
Number of updated asset objects reloaded before import = 0Number of asset objects unloaded after import = 5

========================================================================
Received Import Request.
  Time since last request: 0.000013 seconds.
  path: Assets/TextMesh Pro/Examples & Extras/Scripts/TeleType.cs
  artifactKey: Guid(e32c266ee6204b21a427753cb0694c81) Importer(2089858483,192608db42251d675da83286b1cce702)
Start importing Assets/TextMesh Pro/Examples & Extras/Scripts/TeleType.cs using Guid(e32c266ee6204b21a427753cb0694c81) Importer(2089858483,192608db42251d675da83286b1cce702) (ScriptedImporter) -> (artifact id: 'a733c6a50df27a8e76b74ce2b65b525b') in 0.011357 seconds
Number of updated asset objects reloaded before import = 0Number of asset objects unloaded after import = 0

========================================================================
Received Import Request.
  Time since last request: 0.000012 seconds.
  path: Assets/TextMesh Pro/Examples & Extras/Scripts/TMP_ExampleScript_01.cs
  artifactKey: Guid(6f2c5b59b6874405865e2616e4ec276a) Importer(2089858483,192608db42251d675da83286b1cce702)
Start importing Assets/TextMesh Pro/Examples & Extras/Scripts/TMP_ExampleScript_01.cs using Guid(6f2c5b59b6874405865e2616e4ec276a) Importer(2089858483,192608db42251d675da83286b1cce702) (ScriptedImporter) -> (artifact id: 'd857e469117bce329f4bd8111951aa0f') in 0.0113233 seconds
Number of updated asset objects reloaded before import = 0Number of asset objects unloaded after import = 0

========================================================================
Received Import Request.
  Time since last request: 0.000020 seconds.
  path: Assets/TextMesh Pro/Examples & Extras/Scenes/13 - Soft Hyphenation.unity
  artifactKey: Guid(875684baf40f4d008ce806d03e2a81b2) Importer(2089858483,192608db42251d675da83286b1cce702)
Start importing Assets/TextMesh Pro/Examples & Extras/Scenes/13 - Soft Hyphenation.unity using Guid(875684baf40f4d008ce806d03e2a81b2) Importer(2089858483,192608db42251d675da83286b1cce702) (ScriptedImporter) -> (artifact id: 'b780acf204982159f9948c93a9b207f6') in 0.0088313 seconds
Number of updated asset objects reloaded before import = 0Number of asset objects unloaded after import = 1

========================================================================
Received Import Request.
  Time since last request: 0.000012 seconds.
  path: Assets/TextMesh Pro/Examples & Extras/Resources/Color Gradient Presets/Dark to Light Green - Vertical.asset
  artifactKey: Guid(4c86a3366cd840348ebe8dc438570ee4) Importer(2089858483,192608db42251d675da83286b1cce702)
Start importing Assets/TextMesh Pro/Examples & Extras/Resources/Color Gradient Presets/Dark to Light Green - Vertical.asset using Guid(4c86a3366cd840348ebe8dc438570ee4) Importer(2089858483,192608db42251d675da83286b1cce702) (ScriptedImporter) -> (artifact id: '8a4ce0f1d0dde2201f8ce4151bf19268') in 0.010413 seconds
Number of updated asset objects reloaded before import = 0Number of asset objects unloaded after import = 1

========================================================================
Received Import Request.
  Time since last request: 0.000030 seconds.
  path: Assets/TextMesh Pro/Examples & Extras/Scenes/03 - Line Justification.unity
  artifactKey: Guid(21a509e1d3cd49978623fa564adb6f02) Importer(2089858483,192608db42251d675da83286b1cce702)
Start importing Assets/TextMesh Pro/Examples & Extras/Scenes/03 - Line Justification.unity using Guid(21a509e1d3cd49978623fa564adb6f02) Importer(2089858483,192608db42251d675da83286b1cce702) (ScriptedImporter) -> (artifact id: 'cd3f1dd7691a0341f6a46d9ca65459ba') in 0.0112512 seconds
Number of updated asset objects reloaded before import = 0Number of asset objects unloaded after import = 1

========================================================================
Received Import Request.
  Time since last request: 0.000013 seconds.
  path: Assets/TextMesh Pro/Shaders/TMP_SDF-Mobile-2-Pass.shader
  artifactKey: Guid(0178fcb869bafef4690d177d31d17db8) Importer(2089858483,192608db42251d675da83286b1cce702)
Start importing Assets/TextMesh Pro/Shaders/TMP_SDF-Mobile-2-Pass.shader using Guid(0178fcb869bafef4690d177d31d17db8) Importer(2089858483,192608db42251d675da83286b1cce702) (ScriptedImporter) -> (artifact id: '884cbc8b6e1ca22bb14b791a6bdc86d0') in 0.0102671 seconds
Number of updated asset objects reloaded before import = 0Number of asset objects unloaded after import = 1

========================================================================
Received Import Request.
  Time since last request: 0.000011 seconds.
  path: Assets/TextMesh Pro/Examples & Extras/Textures/Wipe Pattern - Circle.psd
  artifactKey: Guid(10c49fcd9c64421db7c0133e61e55f97) Importer(2089858483,192608db42251d675da83286b1cce702)
Start importing Assets/TextMesh Pro/Examples & Extras/Textures/Wipe Pattern - Circle.psd using Guid(10c49fcd9c64421db7c0133e61e55f97) Importer(2089858483,192608db42251d675da83286b1cce702) (ScriptedImporter) -> (artifact id: 'f4de1d867645960a66ee098ec99b3431') in 0.0135823 seconds
Number of updated asset objects reloaded before import = 0Number of asset objects unloaded after import = 1

========================================================================
Received Import Request.
  Time since last request: 0.000013 seconds.
  path: Assets/TextMesh Pro/Examples & Extras/Scenes/22 - Basic Scripting Example.unity
  artifactKey: Guid(6250f98e58fe4abbaada5d84b7ca846d) Importer(2089858483,192608db42251d675da83286b1cce702)
Start importing Assets/TextMesh Pro/Examples & Extras/Scenes/22 - Basic Scripting Example.unity using Guid(6250f98e58fe4abbaada5d84b7ca846d) Importer(2089858483,192608db42251d675da83286b1cce702) (ScriptedImporter) -> (artifact id: '102720855037ae9cf0dc19d8c17c7fe7') in 0.0087047 seconds
Number of updated asset objects reloaded before import = 0Number of asset objects unloaded after import = 1

========================================================================
Received Import Request.
  Time since last request: 0.000013 seconds.
  path: Assets/TextMesh Pro/Examples & Extras/Scenes/07 - Superscript & Subscript Example.unity
  artifactKey: Guid(03ec435d4b7140e9b2d87f79136d8374) Importer(2089858483,192608db42251d675da83286b1cce702)
Start importing Assets/TextMesh Pro/Examples & Extras/Scenes/07 - Superscript & Subscript Example.unity using Guid(03ec435d4b7140e9b2d87f79136d8374) Importer(2089858483,192608db42251d675da83286b1cce702) (ScriptedImporter) -> (artifact id: '5d18ec3c4e373887b095cc0102cba811') in 0.0086776 seconds
Number of updated asset objects reloaded before import = 0Number of asset objects unloaded after import = 1

========================================================================
Received Import Request.
  Time since last request: 0.000015 seconds.
  path: Assets/TextMesh Pro/Examples & Extras/Textures
  artifactKey: Guid(6e5c6d5e25574122a7a12dbdbbeed156) Importer(2089858483,192608db42251d675da83286b1cce702)
Start importing Assets/TextMesh Pro/Examples & Extras/Textures using Guid(6e5c6d5e25574122a7a12dbdbbeed156) Importer(2089858483,192608db42251d675da83286b1cce702) (ScriptedImporter) -> (artifact id: '7411c4edc7d0c630463bd261032d229b') in 0.0085978 seconds
Number of updated asset objects reloaded before import = 0Number of asset objects unloaded after import = 1

========================================================================
Received Import Request.
  Time since last request: 0.000022 seconds.
  path: Assets/TextMesh Pro/Shaders/TMP_SDF-HDRP UNLIT.shadergraph
  artifactKey: Guid(f63d574838ccfb44f84acc05fed0af48) Importer(2089858483,192608db42251d675da83286b1cce702)
Start importing Assets/TextMesh Pro/Shaders/TMP_SDF-HDRP UNLIT.shadergraph using Guid(f63d574838ccfb44f84acc05fed0af48) Importer(2089858483,192608db42251d675da83286b1cce702) (ScriptedImporter) -> (artifact id: 'e77ca218352643ec683a016d51fc56db') in 0.0194735 seconds
Number of updated asset objects reloaded before import = 0Number of asset objects unloaded after import = 3

========================================================================
Received Import Request.
  Time since last request: 0.000013 seconds.
  path: Assets/TextMesh Pro/Shaders/TMP_Sprite.shader
  artifactKey: Guid(cf81c85f95fe47e1a27f6ae460cf182c) Importer(2089858483,192608db42251d675da83286b1cce702)
Start importing Assets/TextMesh Pro/Shaders/TMP_Sprite.shader using Guid(cf81c85f95fe47e1a27f6ae460cf182c) Importer(2089858483,192608db42251d675da83286b1cce702) (ScriptedImporter) -> (artifact id: '14b0d9f4f1e7ccbb64e7ec7b65249e32') in 0.0100072 seconds
Number of updated asset objects reloaded before import = 0Number of asset objects unloaded after import = 1

========================================================================
Received Import Request.
  Time since last request: 0.000013 seconds.
  path: Assets/TextMesh Pro/Examples & Extras/Scripts/SimpleScript.cs
  artifactKey: Guid(9eff140b25d64601aabc6ba32245d099) Importer(2089858483,192608db42251d675da83286b1cce702)
Start importing Assets/TextMesh Pro/Examples & Extras/Scripts/SimpleScript.cs using Guid(9eff140b25d64601aabc6ba32245d099) Importer(2089858483,192608db42251d675da83286b1cce702) (ScriptedImporter) -> (artifact id: 'ed4c5453dab3716dc34c3505447a664c') in 0.0094163 seconds
Number of updated asset objects reloaded before import = 0Number of asset objects unloaded after import = 0

========================================================================
Received Import Request.
  Time since last request: 0.000016 seconds.
  path: Assets/TextMesh Pro/Examples & Extras/Resources/Fonts & Materials/Unity SDF - HDRP LIT - Outline.mat
  artifactKey: Guid(967f61bb1e3e28645a39e0cb647cc79e) Importer(2089858483,192608db42251d675da83286b1cce702)
Start importing Assets/TextMesh Pro/Examples & Extras/Resources/Fonts & Materials/Unity SDF - HDRP LIT - Outline.mat using Guid(967f61bb1e3e28645a39e0cb647cc79e) Importer(2089858483,192608db42251d675da83286b1cce702) (ScriptedImporter) -> (artifact id: '239a1e84a3e58d91d470acd092b981cc') in 0.0207614 seconds
Number of updated asset objects reloaded before import = 0Number of asset objects unloaded after import = 3

========================================================================
Received Import Request.
  Time since last request: 0.000013 seconds.
  path: Assets/TextMesh Pro/Examples & Extras/Scenes/02 - Multi-line TextMesh Pro.unity
  artifactKey: Guid(251716609f634449bfe8ce75c0ed78fe) Importer(2089858483,192608db42251d675da83286b1cce702)
Start importing Assets/TextMesh Pro/Examples & Extras/Scenes/02 - Multi-line TextMesh Pro.unity using Guid(251716609f634449bfe8ce75c0ed78fe) Importer(2089858483,192608db42251d675da83286b1cce702) (ScriptedImporter) -> (artifact id: 'f780cf7e39dc992f68885fb8275bba17') in 0.0096777 seconds
Number of updated asset objects reloaded before import = 0Number of asset objects unloaded after import = 1

========================================================================
Received Import Request.
  Time since last request: 0.000014 seconds.
  path: Assets/TextMesh Pro/Examples & Extras/Scenes/15 - Inline Graphics & Sprites.unity
  artifactKey: Guid(e76e6c0f81964cbda3fe0b7d26ed8060) Importer(2089858483,192608db42251d675da83286b1cce702)
Start importing Assets/TextMesh Pro/Examples & Extras/Scenes/15 - Inline Graphics & Sprites.unity using Guid(e76e6c0f81964cbda3fe0b7d26ed8060) Importer(2089858483,192608db42251d675da83286b1cce702) (ScriptedImporter) -> (artifact id: '4040bc68f51e344a7f5b850961d9795e') in 0.0098051 seconds
Number of updated asset objects reloaded before import = 0Number of asset objects unloaded after import = 1

========================================================================
Received Import Request.
  Time since last request: 0.000023 seconds.
  path: Assets/TextMesh Pro/Examples & Extras/Fonts/Roboto-Bold.ttf
  artifactKey: Guid(4beb055f07aaff244873dec698d0363e) Importer(2089858483,192608db42251d675da83286b1cce702)
Start importing Assets/TextMesh Pro/Examples & Extras/Fonts/Roboto-Bold.ttf using Guid(4beb055f07aaff244873dec698d0363e) Importer(2089858483,192608db42251d675da83286b1cce702) (ScriptedImporter) -> (artifact id: '741403fbcafe023cb3e34332b8633ea3') in 0.0149899 seconds
Number of updated asset objects reloaded before import = 0Number of asset objects unloaded after import = 3

========================================================================
Received Import Request.
  Time since last request: 0.000016 seconds.
  path: Assets/TextMesh Pro/Examples & Extras/Scripts/TMP_TextEventHandler.cs
  artifactKey: Guid(1312ae25639a4bae8e25ae223209cc50) Importer(2089858483,192608db42251d675da83286b1cce702)
Start importing Assets/TextMesh Pro/Examples & Extras/Scripts/TMP_TextEventHandler.cs using Guid(1312ae25639a4bae8e25ae223209cc50) Importer(2089858483,192608db42251d675da83286b1cce702) (ScriptedImporter) -> (artifact id: '99eb7bad70a7b0df4a2fef1bb5d6525f') in 0.0096302 seconds
Number of updated asset objects reloaded before import = 0Number of asset objects unloaded after import = 0

========================================================================
Received Import Request.
  Time since last request: 0.000018 seconds.
  path: Assets/TextMesh Pro/Examples & Extras/Scripts/TMP_DigitValidator.cs
  artifactKey: Guid(1a7eb92a01ed499a987bde9def05fbce) Importer(2089858483,192608db42251d675da83286b1cce702)
Start importing Assets/TextMesh Pro/Examples & Extras/Scripts/TMP_DigitValidator.cs using Guid(1a7eb92a01ed499a987bde9def05fbce) Importer(2089858483,192608db42251d675da83286b1cce702) (ScriptedImporter) -> (artifact id: '419641cd31fceffc66b875b63e1a7848') in 0.0106034 seconds
Number of updated asset objects reloaded before import = 0Number of asset objects unloaded after import = 0

========================================================================
Received Import Request.
  Time since last request: 0.000018 seconds.
  path: Assets/TextMesh Pro/Examples & Extras/Scripts/TextConsoleSimulator.cs
  artifactKey: Guid(43bcd35a1c0c40ccb6d472893fe2093f) Importer(2089858483,192608db42251d675da83286b1cce702)
Start importing Assets/TextMesh Pro/Examples & Extras/Scripts/TextConsoleSimulator.cs using Guid(43bcd35a1c0c40ccb6d472893fe2093f) Importer(2089858483,192608db42251d675da83286b1cce702) (ScriptedImporter) -> (artifact id: 'de188d9c6c869950e7b06a460701c099') in 0.012005 seconds
Number of updated asset objects reloaded before import = 0Number of asset objects unloaded after import = 0

========================================================================
Received Import Request.
  Time since last request: 0.000012 seconds.
  path: Assets/TextMesh Pro/Examples & Extras/Fonts/Anton OFL.txt
  artifactKey: Guid(73a79399807f4e8388c2cbb5494681ca) Importer(2089858483,192608db42251d675da83286b1cce702)
Start importing Assets/TextMesh Pro/Examples & Extras/Fonts/Anton OFL.txt using Guid(73a79399807f4e8388c2cbb5494681ca) Importer(2089858483,192608db42251d675da83286b1cce702) (ScriptedImporter) -> (artifact id: 'b478891036141f938dba04deeaab2172') in 0.0116784 seconds
Number of updated asset objects reloaded before import = 0Number of asset objects unloaded after import = 1

========================================================================
Received Import Request.
  Time since last request: 0.000015 seconds.
  path: Assets/TextMesh Pro/Examples & Extras/Resources/Fonts & Materials/Bangers SDF - Outline.mat
  artifactKey: Guid(f629c6e43dba4bf38cb74d8860150664) Importer(2089858483,192608db42251d675da83286b1cce702)
Start importing Assets/TextMesh Pro/Examples & Extras/Resources/Fonts & Materials/Bangers SDF - Outline.mat using Guid(f629c6e43dba4bf38cb74d8860150664) Importer(2089858483,192608db42251d675da83286b1cce702) (ScriptedImporter) -> (artifact id: 'a5fe0d569fec673ab065243b1786ad16') in 0.0171195 seconds
Number of updated asset objects reloaded before import = 0Number of asset objects unloaded after import = 3

========================================================================
Received Import Request.
  Time since last request: 0.000025 seconds.
  path: Assets/TextMesh Pro/Examples & Extras/Fonts/Roboto-Bold - License.txt
  artifactKey: Guid(f0303f887b8fa7243a51432c478ff2f3) Importer(2089858483,192608db42251d675da83286b1cce702)
Start importing Assets/TextMesh Pro/Examples & Extras/Fonts/Roboto-Bold - License.txt using Guid(f0303f887b8fa7243a51432c478ff2f3) Importer(2089858483,192608db42251d675da83286b1cce702) (ScriptedImporter) -> (artifact id: '7bbe18677da218e4f2ed7505d2ccd924') in 0.0118002 seconds
Number of updated asset objects reloaded before import = 0Number of asset objects unloaded after import = 1

========================================================================
Received Import Request.
  Time since last request: 0.000013 seconds.
  path: Assets/Scenes/SampleScene.unity
  artifactKey: Guid(99c9720ab356a0642a771bea13969a05) Importer(2089858483,192608db42251d675da83286b1cce702)
Start importing Assets/Scenes/SampleScene.unity using Guid(99c9720ab356a0642a771bea13969a05) Importer(2089858483,192608db42251d675da83286b1cce702) (ScriptedImporter) -> (artifact id: 'cb53faf9128aa74eaeb2bbd95ee144e2') in 0.0111551 seconds
Number of updated asset objects reloaded before import = 0Number of asset objects unloaded after import = 1

========================================================================
Received Import Request.
  Time since last request: 0.000014 seconds.
  path: Assets/TextMesh Pro/Examples & Extras/Textures/Small Crate_normal.jpg
  artifactKey: Guid(8878a782f4334ecbbcf683b3ac780966) Importer(2089858483,192608db42251d675da83286b1cce702)
Start importing Assets/TextMesh Pro/Examples & Extras/Textures/Small Crate_normal.jpg using Guid(8878a782f4334ecbbcf683b3ac780966) Importer(2089858483,192608db42251d675da83286b1cce702) (ScriptedImporter) -> (artifact id: '248227ed9495b38adfcbe9635c522d68') in 0.0168327 seconds
Number of updated asset objects reloaded before import = 0Number of asset objects unloaded after import = 1

========================================================================
Received Import Request.
  Time since last request: 0.000013 seconds.
  path: Assets/TextMesh Pro/Examples & Extras/Materials/Ground - Logo Scene.mat
  artifactKey: Guid(c719e38f25a9480abd2480ab621a2949) Importer(2089858483,192608db42251d675da83286b1cce702)
Start importing Assets/TextMesh Pro/Examples & Extras/Materials/Ground - Logo Scene.mat using Guid(c719e38f25a9480abd2480ab621a2949) Importer(2089858483,192608db42251d675da83286b1cce702) (ScriptedImporter) -> (artifact id: 'b014c7fe604de5fac78dfdb888b905ea') in 0.044508 seconds
Number of updated asset objects reloaded before import = 0Number of asset objects unloaded after import = 2

========================================================================
Received Import Request.
  Time since last request: 0.000020 seconds.
  path: Assets/TextMesh Pro/Sprites/EmojiOne.png
  artifactKey: Guid(dffef66376be4fa480fb02b19edbe903) Importer(2089858483,192608db42251d675da83286b1cce702)
Start importing Assets/TextMesh Pro/Sprites/EmojiOne.png using Guid(dffef66376be4fa480fb02b19edbe903) Importer(2089858483,192608db42251d675da83286b1cce702) (ScriptedImporter) -> (artifact id: '1e86aeed1f78c5da9d51abce9c348810') in 0.0237359 seconds
Number of updated asset objects reloaded before import = 0Number of asset objects unloaded after import = 1

